"District","reportingsdistrictcode","School","School Code","Count","%"
"Ansonia School District",".","Ansonia High School","=""0026111""",162,22.5
"Ansonia School District",".","Ansonia Middle School","=""0025111""",53,11.0
"Ansonia School District",".","Mead School","=""0020311""",26,4.1
"Ansonia School District",".","Prendergast School","=""0020811""",13,1.6
"Avon School District",".","Avon High School","=""0046111""",16,1.5
"Avon School District",".","Avon Middle School","=""0045111""",23,3.9
"Avon School District",".","Pine Grove School","=""0040411""","N/A","N/A"
"Avon School District",".","Roaring Brook School","=""0040311""","*","*"
"Avon School District",".","Thompson Brook School","=""0040511""",13,2.2
"Ashford School District",".","Ashford School","=""0030111""",12,2.5
"Barkhamsted School District",".","Barkhamsted Elementary School","=""0050111""","*","*"
"Barkhamsted School District",".","Shared Services Integrated Preschool","=""0058011""","N/A","N/A"
"Berlin School District",".","Berlin High School","=""0076111""",136,13.5
"Berlin School District",".","Catherine M. McGee Middle School","=""0075111""",62,8.5
"Berlin School District",".","Emma Hart Willard School","=""0070411""",8,1.5
"Berlin School District",".","Mary E. Griswold School","=""0070511""","*","*"
"Berlin School District",".","Richard D. Hubbard School","=""0070111""","*","*"
"Bethel School District",".","Anna H. Rockwell School","=""0090411""","*","*"
"Bethel School District",".","Bethel High School","=""0096111""",108,11.2
"Bethel School District",".","Bethel Middle School","=""0095111""",66,9.6
"Bethel School District",".","Frank A. Berry School","=""0090111""","*","*"
"Bethel School District",".","Ralph M. T. Johnson School","=""0090511""","*","*"
"Cheshire School District",".","Chapman School","=""0250111""","*","*"
"Cheshire School District",".","Cheshire High School","=""0256111""",81,5.3
"Cheshire School District",".","Darcey School","=""0250211""","N/A","N/A"
"Cheshire School District",".","Dodd Middle School","=""0255111""",22,2.8
"Cheshire School District",".","Doolittle School","=""0250611""","N/A","N/A"
"Cheshire School District",".","Highland School","=""0250411""","*","*"
"Cheshire School District",".","Humiston School","=""0259011""",13,43.3
"Cheshire School District",".","Norton School","=""0250511""","*","*"
"Chester School District",".","Chester Elementary School","=""0260111""","*","*"
"Clinton School District",".","Abraham Pierson School","=""0270111""","*","*"
"Clinton School District",".","Jared Eliot School","=""0275111""",23,4.7
"Clinton School District",".","Lewin G. Joel Jr. School","=""0270311""","*","*"
"Clinton School District",".","The Morgan School","=""0276111""",92,16.5
"Colchester School District",".","Bacon Academy","=""0286111""",99,10.0
"Colchester School District",".","Colchester Elementary School","=""0280411""",7,1.0
"Colchester School District",".","Jack Jackter Intermediate School","=""0280211""",8,1.2
"Colchester School District",".","William J. Johnston Middle School","=""0285111""",38,5.3
"Colebrook School District",".","Colebrook Consolidated School","=""0290111""","*","*"
"Columbia School District",".","Horace W. Porter School","=""0300111""",12,2.2
"Enfield School District",".","Edgar H. Parkman School","=""0491311""","N/A","N/A"
"Enfield School District",".","Eli Whitney School","=""0491611""",17,3.8
"Enfield School District",".","Enfield High School","=""0496111""",160,19.8
"Enfield School District",".","Enfield Street School","=""0490211""",16,4.5
"Enfield School District",".","Enfield Transitional Learning Academy","=""0499011""","N/A","*"
"Enfield School District",".","Enrico Fermi High School","=""0496211""",165,15.1
"Enfield School District",".","Harriet Beecher Stowe School","=""0491211""",20,8.6
"Enfield School District",".","Hazardville Memorial School","=""0490411""","*","*"
"Enfield School District",".","Head Start Program","=""0498011""","N/A","N/A"
"Enfield School District",".","Henry Barnard School","=""0491811""",6,1.5
"Enfield School District",".","John F. Kennedy Middle School","=""0495211""",101,11.8
"Enfield School District",".","Nathan Hale School","=""0491111""","*","*"
"Enfield School District",".","Prudence Crandall School","=""0491511""","*","*"
"Enfield School District",".","Thomas G. Alcorn School","=""0491711""",27,8.8
"Fairfield School District",".","Burr Elementary School","=""0510211""","N/A","N/A"
"Fairfield School District",".","Dwight Elementary School","=""0510111""","*","*"
"Fairfield School District",".","Early Childhood Center","=""0518011""","N/A","N/A"
"Fairfield School District",".","Fairfield Ludlowe High School","=""0516011""",76,5.2
"Fairfield School District",".","Fairfield Warde High School","=""0516211""",50,3.8
"Fairfield School District",".","Fairfield Woods Middle School","=""0515211""",19,2.9
"Fairfield School District",".","Holland Hill School","=""0510411""","*","*"
"Fairfield School District",".","Jennings School","=""0511711""","N/A","N/A"
"Fairfield School District",".","McKinley School","=""0510611""","N/A","N/A"
"Fairfield School District",".","Mill Hill School","=""0510711""","N/A","N/A"
"Fairfield School District",".","North Stratfield School","=""0511611""","*","*"
"Fairfield School District",".","Osborn Hill School","=""0511811""","N/A","N/A"
"Fairfield School District",".","Riverfield School","=""0511211""","N/A","N/A"
"Fairfield School District",".","Roger Ludlowe Middle School","=""0515311""",81,8.2
"Fairfield School District",".","Sherman School","=""0511311""","N/A","N/A"
"Fairfield School District",".","Stratfield School","=""0511411""","N/A","N/A"
"Fairfield School District",".","Tomlinson Middle School","=""0515111""",9,1.1
"Hartford School District",".","Asian Studies Academy","=""0640711""",52,13.2
"Hartford School District",".","Batchelder School","=""0640411""",45,7.8
"Hartford School District",".","Breakthrough II Elementary School","=""0643511""","N/A","N/A"
"Hartford School District",".","Breakthrough Magnet School","=""0643311""",7,2.0
"Hartford School District",".","Bulkeley High School Lower School","=""0646111""",106,17.2
"Hartford School District",".","Bulkeley High School Upper School","=""0647111""",207,41.9
"Hartford School District",".","Burns Latino Studies Academy","=""0640611""",149,22.6
"Hartford School District",".","Burr School","=""0642311""",122,18.3
"Hartford School District",".","Capital Preparatory Magnet School","=""0646911""",33,9.8
"Hartford School District",".","Clark School","=""0642411""",35,8.4
"Hartford School District",".","Classical Magnet School","=""0646411""",150,21.5
"Hartford School District",".","Culinary Arts Academy","=""0646011""",73,26.4
"Hartford School District",".","Dr. James H Naylor/CCSU Leadership Academy","=""0641411""",14,2.0
"Hartford School District",".","Dr. Joseph Bellizzi Middle School","=""0645311""",161,47.9
"Hartford School District",".","Dr. Ramon E. Betances Early Reading Lab","=""0642811""",16,4.9
"Hartford School District",".","Environmental Sciences Magnet School at Mary M Hooker","=""0640911""",11,4.1
"Hartford School District",".","Expeditionary Learning Academy at Moylan School","=""0643211""",67,10.0
"Hartford School District",".","Fred D. Wish Museum School","=""0642211""",69,15.7
"Hartford School District",".","HPHS Academy of Engineering and Green Technology","=""0647211""",219,55.7
"Hartford School District",".","HPHS Academy of Nursing and Health Science","=""0647511""",103,27.9
"Hartford School District",".","HPHS Freshmen Academy","=""0647311""",70,18.4
"Hartford School District",".","HPHS Law and Government Academy","=""0647411""",77,20.6
"Hartford School District",".","Hartford Magnet Trinity College Academy","=""0645411""",81,13.3
"Hartford School District",".","Hartford Transitional Learning Academy (Elementary)","=""0649011""",8,25.8
"Hartford School District",".","High School Inc.","=""0647611""",72,31.2
"Hartford School District",".","IB Global Communications Academy","=""0643611""",46,12.8
"Hartford School District",".","Journalism and Media Academy Magnet School","=""0647711""",154,58.3
"Hartford School District",".","Kennelly School","=""0641011""",94,12.0
"Hartford School District",".","M. D. Fox Elementary School","=""0640811""",81,9.6
"Hartford School District",".","M. L. King School","=""0641611""",173,33.3
"Hartford School District",".","McDonough Expeditionary Learning School","=""0641211""",67,15.7
"Hartford School District",".","Milner Elementary School","=""0641911""",116,27.9
"Hartford School District",".","Montessori Magnet School at Annie Fisher","=""0643711""","*","*"
"Hartford School District",".","Noah Webster Micro Society School","=""0642011""",62,10.6
"Hartford School District",".","OPPortunity High School","=""0647811""",21,19.1
"Hartford School District",".","Parkville Community School","=""0641511""",36,6.7
"Hartford School District",".","Pathways Academy of Technology and Design","=""0646611""",80,23.1
"Hartford School District",".","R.J. Kinsella Magnet School of Performing Arts","=""0641111""",79,12.1
"Hartford School District",".","Renzulli Academy","=""0644011""","*","*"
"Hartford School District",".","SAND School","=""0640111""",52,12.0
"Hartford School District",".","STEM Magnet School at Annie Fisher","=""0642511""",45,13.9
"Hartford School District",".","Sanchez School","=""0643011""",88,16.5
"Hartford School District",".","Sarah J Rawson Middle Grades Academy","=""0645611""",45,21.8
"Hartford School District",".","Sarah J. Rawson Elementary School","=""0641711""",67,13.6
"Hartford School District",".","Simpson-Waverly School","=""0642611""",68,18.0
"Hartford School District",".","Sports and Medical Sciences Academy","=""0646511""",242,36.4
"Hartford School District",".","University High of Science and Engineering","=""0646711""",68,17.1
"Hartford School District",".","Weaver High School","=""0646311""","*","*"
"Hartford School District",".","West Middle School","=""0642111""",97,14.8
"Milford School District",".","Calf Pen Meadow School","=""0840111""",7,2.1
"Milford School District",".","East Shore Middle School","=""0845111""",17,3.2
"Milford School District",".","Harborside Middle School","=""0845211""",24,4.0
"Milford School District",".","J. F. Kennedy School","=""0841911""","N/A","N/A"
"Milford School District",".","Jonathan Law High School","=""0846211""",87,8.8
"Milford School District",".","Joseph A. Foran High School","=""0846311""",58,5.8
"Milford School District",".","Live Oaks School","=""0841611""","*","*"
"Milford School District",".","Mathewson School","=""0841711""","N/A","N/A"
"Milford School District",".","Meadowside School","=""0840711""","*","*"
"Milford School District",".","Orange Avenue School","=""0840811""","N/A","N/A"
"Milford School District",".","Orchard Hills School","=""0841811""","*","*"
"Milford School District",".","Pumpkin Delight School","=""0841011""","*","*"
"Milford School District",".","West Shore Middle School","=""0845311""",23,4.0
"Monroe School District",".","Chalk Hill School","=""0850611""","*","*"
"Monroe School District",".","Fawn Hollow Elementary School","=""0850511""","*","*"
"Monroe School District",".","Jockey Hollow School","=""0855211""",16,2.5
"Monroe School District",".","Masuk High School","=""0856111""",65,4.9
"Monroe School District",".","Monroe Elementary School","=""0850111""","N/A","N/A"
"Monroe School District",".","Stepney Elementary School","=""0850311""","*","*"
"Montville School District",".","Dr. Charles E. Murphy School","=""0860711""",8,2.0
"Montville School District",".","Leonard J. Tyl Middle School","=""0865111""",58,8.8
"Montville School District",".","Mohegan School","=""0860111""",7,1.6
"Montville School District",".","Montville High School","=""0866111""",132,17.1
"Montville School District",".","Oakdale School","=""0860511""","N/A","N/A"
"Montville School District",".","Palmer Academy","=""0869011""",21,75.0
"Andover School District",".","Andover Elementary School","=""0010111""","*","*"
"Canterbury School District",".","Canterbury Elementary School","=""0220211""","*","*"
"Canterbury School District",".","Dr. Helen Baldwin Middle School","=""0225111""",25,11.6
"Brooklyn School District",".","Brooklyn Elementary School","=""0190111""","*","*"
"Brooklyn School District",".","Brooklyn Middle School","=""0195111""",52,13.3
"Canaan School District",".","Lee H. Kellogg School","=""0210111""","N/A","N/A"
"Canton School District",".","Canton High School","=""0236111""",9,1.8
"Canton School District",".","Canton Intermediate School","=""0230311""",10,2.5
"Canton School District",".","Canton Middle School","=""0235111""",10,3.8
"Canton School District",".","Cherry Brook Primary School","=""0230211""","*","*"
"Chaplin School District",".","Chaplin Elementary School","=""0240211""","*","*"
"Ellington School District",".","Center School","=""0480111""",10,2.3
"Ellington School District",".","Crystal Lake School","=""0480211""","*","*"
"Ellington School District",".","Ellington High School","=""0486111""",99,12.6
"Ellington School District",".","Ellington Middle School","=""0485111""",9,2.2
"Ellington School District",".","Windermere Intermediate School","=""0480711""",28,6.4
"Ellington School District",".","Windermere School","=""0480611""",11,2.5
"Essex School District",".","Essex Elementary School","=""0500111""","*","*"
"Bristol School District",".","Alternative Special Education Program (ASEP)","=""0179011""","*","*"
"Bristol School District",".","Bristol Central High School","=""0176111""",215,16.3
"Bristol School District",".","Bristol Eastern High School","=""0176211""",210,15.8
"Bristol School District",".","Chippens Hill Middle School","=""0175111""",152,17.1
"Bristol School District",".","Clara T. O'Connell School","=""0170711""",21,6.0
"Bristol School District",".","Community/Vocational Program","=""0179211""","N/A","*"
"Bristol School District",".","Edgewood School","=""0170311""",19,4.8
"Bristol School District",".","Ellen P. Hubbell School","=""0171411""",13,2.4
"Bristol School District",".","Greene-Hills School","=""0170511""","*","*"
"Bristol School District",".","Ivy Drive School","=""0171911""",13,2.9
"Bristol School District",".","John J. Jennings School","=""0170611""",10,2.7
"Bristol School District",".","Memorial Boulevard Middle School","=""0175311""",61,11.7
"Bristol School District",".","Mountain View School","=""0171711""",17,4.5
"Bristol School District",".","Northeast Middle School","=""0175211""",40,7.1
"Bristol School District",".","South Side School","=""0171111""",10,1.6
"Bristol School District",".","Stafford School","=""0171211""",10,1.8
"Brookfield School District",".","Brookfield High School","=""0186111""",42,4.2
"Brookfield School District",".","Center Elementary School","=""0180311""","N/A","N/A"
"Brookfield School District",".","Huckleberry Hill Elementary School","=""0180411""","N/A","N/A"
"Brookfield School District",".","Whisconier Middle School","=""0185311""",20,2.3
"East Lyme School District",".","East Lyme High School","=""0456111""",54,4.5
"East Lyme School District",".","East Lyme Middle School","=""0455111""",44,5.2
"East Lyme School District",".","Flanders School","=""0450111""","*","*"
"East Lyme School District",".","Integrated Preschool","=""0458011""","N/A","N/A"
"East Lyme School District",".","Lillie B. Haynes School","=""0450411""","N/A","N/A"
"East Lyme School District",".","Niantic Center School","=""0450211""","N/A","N/A"
"Easton School District",".","Helen Keller Middle School","=""0465111""","*","*"
"Easton School District",".","Samuel Staples Elementary School","=""0460111""",7,1.0
"East Windsor School District",".","Broad Brook Elementary School","=""0470111""",18,3.3
"East Windsor School District",".","East Windsor High School","=""0476111""",86,22.8
"East Windsor School District",".","East Windsor Middle School","=""0475411""",67,16.9
"Hampton School District",".","Hampton Elementary School","=""0630111""","*","*"
"East Hartford School District",".","Anna E. Norris School","=""0430911""",37,12.2
"East Hartford School District",".","Connecticut IB Academy","=""0436311""",19,10.7
"East Hartford School District",".","Dr. Franklin H. Mayberry School","=""0430611""",27,6.3
"East Hartford School District",".","Dr. John A. Langford School","=""0432211""",26,7.0
"East Hartford School District",".","Dr. Thomas S. O'Connell School","=""0431011""",14,4.1
"East Hartford School District",".","East Hartford High School","=""0436211""",694,38.9
"East Hartford School District",".","East Hartford Middle School","=""0435111""",407,37.7
"East Hartford School District",".","Governor William Pitkin School","=""0432011""",21,5.6
"East Hartford School District",".","Hockanum School","=""0430511""",20,6.0
"East Hartford School District",".","Joseph O. Goodwin School","=""0430411""",38,9.5
"East Hartford School District",".","Robert J. O'Brien School","=""0431811""",60,14.7
"East Hartford School District",".","Silver Lane School","=""0431211""",33,10.7
"East Hartford School District",".","Stevens Alternate High school","=""0436411""",98,45.0
"East Hartford School District",".","Sunset Ridge School Elementary Academy for Arts and World Languages","=""0432411""",78,23.1
"East Hartford School District",".","Willowbrook Early Childhood","=""0438011""","N/A","N/A"
"East Hartford School District",".","Woodland School","=""0439011""","*","*"
"East Haven School District",".","Carbone School/East Haven Academy","=""0441711""",10,3.5
"East Haven School District",".","D. C. Moore School","=""0441411""","N/A","N/A"
"East Haven School District",".","Deer Run School","=""0440111""","*","*"
"East Haven School District",".","Dominick H. Ferrara School","=""0441311""","N/A","N/A"
"East Haven School District",".","East Haven High School","=""0446111""",229,24.3
"East Haven School District",".","Grove J. Tuttle School","=""0441011""","*","*"
"East Haven School District",".","Joseph Melillo Middle School","=""0445111""",171,25.1
"East Haven School District",".","Momauguin School","=""0440711""","*","*"
"East Haven School District",".","Overbrook Elementary School","=""0441811""","N/A","N/A"
"East Haven School District",".","Pathways","=""0449011""","N/A","N/A"
"Guilford School District",".","A. Baldwin Middle School","=""0600711""",8,1.4
"Guilford School District",".","A. W. Cox School","=""0600611""","N/A","N/A"
"Guilford School District",".","Calvin Leete School","=""0600411""","N/A","N/A"
"Guilford School District",".","E. C. Adams Middle School","=""0605111""",19,3.4
"Guilford School District",".","Guilford High School","=""0606111""",72,6.4
"Guilford School District",".","Guilford Lakes School","=""0600211""","*","*"
"Guilford School District",".","Melissa Jones School","=""0600311""","*","*"
"Hamden School District",".","Alice Peck Learning Center","=""0628011""","N/A","N/A"
"Hamden School District",".","Bear Path School","=""0621211""",8,1.7
"Hamden School District",".","Church Street School","=""0620211""",12,3.0
"Hamden School District",".","Dunbar Hill School","=""0620311""",14,4.5
"Hamden School District",".","Hamden High School","=""0626111""",458,23.5
"Hamden School District",".","Hamden Middle School","=""0625211""",198,22.0
"Hamden School District",".","Helen Street School","=""0620411""",6,2.1
"Hamden School District",".","Ridge Hill School","=""0621111""",21,6.1
"Hamden School District",".","Shepherd Glen School","=""0620111""",33,9.7
"Hamden School District",".","Spring Glen School","=""0621011""",11,3.0
"Hamden School District",".","West Woods School","=""0621411""",8,1.5
"Bridgeport School District",".","Barnum School","=""0150111""",128,19.5
"Bridgeport School District",".","Bassick High School","=""0156111""",434,36.3
"Bridgeport School District",".","Beardsley School","=""0150211""",51,13.1
"Bridgeport School District",".","Black Rock School","=""0150311""","*","*"
"Bridgeport School District",".","Blackham School","=""0154011""",133,11.9
"Bridgeport School District",".","Bridgeport Learning Center","=""0159011""",8,13.8
"Bridgeport School District",".","Bryant School","=""0150411""",16,3.8
"Bridgeport School District",".","Central High School","=""0156211""",799,35.5
"Bridgeport School District",".","Cesar Batalla School","=""0151411""",105,9.6
"Bridgeport School District",".","Classical Studies Academy","=""0152111""",30,9.0
"Bridgeport School District",".","Columbus School","=""0150511""",68,10.3
"Bridgeport School District",".","Cross School","=""0153911""",122,29.9
"Bridgeport School District",".","Curiale School","=""0154211""",141,21.8
"Bridgeport School District",".","Discovery Interdistrict Magnet School","=""0153711""","N/A","N/A"
"Bridgeport School District",".","Dunbar School","=""0154111""",134,39.4
"Bridgeport School District",".","Edison School","=""0150711""",8,3.1
"Bridgeport School District",".","Geraldine Johnson School","=""0153211""",91,11.1
"Bridgeport School District",".","Hall School","=""0151111""",11,3.5
"Bridgeport School District",".","Hallen School","=""0151211""",20,5.8
"Bridgeport School District",".","Harding High School","=""0156311""",483,35.9
"Bridgeport School District",".","High Horizons Magnet School","=""0154511""",22,5.2
"Bridgeport School District",".","Hooker School","=""0151311""",49,11.0
"Bridgeport School District",".","Jettie S. Tisdale School","=""0152211""",119,18.0
"Bridgeport School District",".","Longfellow School","=""0151911""",25,5.6
"Bridgeport School District",".","Luis Munoz Marin School","=""0151011""",141,15.6
"Bridgeport School District",".","Madison School","=""0152011""",19,3.6
"Bridgeport School District",".","Make The Grade","=""0159511""",27,61.4
"Bridgeport School District",".","Multicultural Magnet School","=""0154611""",13,2.8
"Bridgeport School District",".","Parent-Children Program","=""0158011""","N/A","*"
"Bridgeport School District",".","Park City Academy","=""0159211""",7,18.4
"Bridgeport School District",".","Park City Magnet School","=""0151711""","N/A","N/A"
"Bridgeport School District",".","Read School","=""0152511""",163,19.2
"Bridgeport School District",".","Roosevelt School","=""0152611""",208,40.0
"Bridgeport School District",".","Skane Center","=""0154411""","N/A","N/A"
"Bridgeport School District",".","Waltersville School","=""0153011""",59,11.3
"Bridgeport School District",".","Winthrop School","=""0153611""",55,7.5
"East Hampton School District",".","Center School","=""0420311""","*","*"
"East Hampton School District",".","East Hampton High School","=""0426111""",47,8.5
"East Hampton School District",".","East Hampton Middle School","=""0425111""",18,3.6
"East Hampton School District",".","Memorial School","=""0420111""","N/A","N/A"
"East Hampton School District",".","The Learning Center at East Hampton","=""0429011""","N/A","*"
"Groton School District",".","Carl C. Cutler Middle School","=""0595311""",26,7.2
"Groton School District",".","Catherine Kolnaski Magnet School","=""0592011""",50,10.8
"Groton School District",".","Catherine Kolnaski Magnet School","=""0590311""",12,3.1
"Groton School District",".","Charles Barnum School","=""0591811""","*","*"
"Groton School District",".","Fitch Middle School","=""0595111""",27,6.7
"Groton School District",".","Mary Morrisson School","=""0591711""",12,3.4
"Groton School District",".","Northeast Academy Elementary School","=""0591911""",6,1.4
"Groton School District",".","Pleasant Valley School","=""0591211""","*","*"
"Groton School District",".","Robert E. Fitch High School","=""0596111""",206,16.2
"Groton School District",".","S. B. Butler School","=""0590111""",6,1.7
"Groton School District",".","West Side Middle School","=""0595211""",48,18.8
"Darien School District",".","Darien High School","=""0356111""",41,3.1
"Darien School District",".","Hindley Elementary School","=""0350211""","N/A","N/A"
"Darien School District",".","Holmes Elementary School","=""0350711""","*","*"
"Darien School District",".","Middlesex Middle School","=""0355111""",13,1.1
"Darien School District",".","Ox Ridge Elementary School","=""0351311""","N/A","N/A"
"Darien School District",".","Royle Elementary School","=""0350511""","*","*"
"Darien School District",".","Tokeneke Elementary School","=""0350611""","N/A","N/A"
"Deep River School District",".","Deep River Elementary School","=""0360111""","*","*"
"Eastford School District",".","Eastford Elementary School","=""0390111""","*","*"
"Derby School District",".","Bradley School","=""0370611""","*","*"
"Derby School District",".","Derby High School","=""0376111""",129,33.9
"Derby School District",".","Derby Middle School","=""0375011""",8,2.5
"Derby School District",".","Irving School","=""0370411""",18,4.3
"East Granby School District",".","Allgrove School","=""0400111""","*","*"
"East Granby School District",".","East Granby High School","=""0406111""",24,8.6
"East Granby School District",".","East Granby Middle School","=""0405111""",10,4.8
"East Granby School District",".","R. Dudley Seymour School","=""0400211""","*","*"
"East Haddam School District",".","East Haddam Elementary School","=""0410111""","*","*"
"East Haddam School District",".","Nathan Hale-Ray High School","=""0416111""",20,5.2
"East Haddam School District",".","Nathan Hale-Ray Middle School","=""0415111""",16,3.0
"Greenwich School District",".","Central Middle School","=""0575111""",11,1.8
"Greenwich School District",".","Cos Cob School","=""0570211""",6,1.5
"Greenwich School District",".","Eastern Middle School","=""0575211""",9,1.1
"Greenwich School District",".","Glenville School","=""0570411""","*","*"
"Greenwich School District",".","Greenwich High School","=""0576111""",201,7.6
"Greenwich School District",".","Hamilton Avenue School","=""0570511""","*","*"
"Greenwich School District",".","International School At Dundee","=""0571311""","N/A","N/A"
"Greenwich School District",".","Julian Curtiss School","=""0570311""","*","*"
"Greenwich School District",".","New Lebanon School","=""0570611""","N/A","N/A"
"Greenwich School District",".","North Mianus School","=""0570711""","N/A","N/A"
"Greenwich School District",".","North Street School","=""0570811""","N/A","N/A"
"Greenwich School District",".","Old Greenwich School","=""0570911""","N/A","N/A"
"Greenwich School District",".","Parkway School","=""0571111""","*","*"
"Greenwich School District",".","Riverside School","=""0571011""","N/A","N/A"
"Greenwich School District",".","Western Middle School","=""0575311""",19,3.8
"Griswold School District",".","Griswold Elementary School","=""0580311""",8,1.1
"Griswold School District",".","Griswold High School","=""0586211""",165,23.2
"Griswold School District",".","Griswold Middle School","=""0585111""",63,10.9
"Bolton School District",".","Bolton Center School","=""0120111""",11,2.0
"Bolton School District",".","Bolton High School","=""0126111""",20,6.0
"Branford School District",".","Branford High School","=""0146111""",154,13.9
"Branford School District",".","Francis Walsh Intermediate School","=""0145111""",81,7.8
"Branford School District",".","Indian Neck School","=""0148011""","N/A","N/A"
"Branford School District",".","John B. Sliney School","=""0141611""","*","*"
"Branford School District",".","Mary R. Tisko School","=""0141511""","N/A","N/A"
"Branford School District",".","Mary T. Murphy School","=""0141411""","*","*"
"Bozrah School District",".","Fields Memorial School","=""0130111""","N/A","N/A"
"Danbury School District",".","Alternative Center For Excellence","=""0346211""",35,36.5
"Danbury School District",".","Broadview Middle School","=""0345111""",92,8.1
"Danbury School District",".","Danbury High School","=""0346111""",669,23.3
"Danbury School District",".","Ellsworth Avenue School","=""0341411""",6,1.5
"Danbury School District",".","Great Plain School","=""0341111""",7,2.3
"Danbury School District",".","Hayestown Avenue School","=""0340211""","*","*"
"Danbury School District",".","King Street Intermediate School","=""0341711""",14,3.7
"Danbury School District",".","King Street Primary School","=""0341311""","*","*"
"Danbury School District",".","Mill Ridge Educational Center","=""0341811""","N/A","N/A"
"Danbury School District",".","Mill Ridge Primary School","=""0340511""",9,2.3
"Danbury School District",".","Morris Street School","=""0340611""",10,2.9
"Danbury School District",".","Park Avenue School","=""0340811""",25,6.0
"Danbury School District",".","Pembroke School","=""0341511""",6,1.8
"Danbury School District",".","Rogers Park Middle School","=""0345211""",230,20.9
"Danbury School District",".","Shelter Rock School","=""0341211""",11,2.6
"Danbury School District",".","South Street School","=""0341011""","*","*"
"Danbury School District",".","Stadley Rough School","=""0341611""",11,2.4
"Danbury School District",".","Western CT Academy of International Studies Elementary Magnet School","=""0341911""","N/A","N/A"
"Glastonbury School District",".","Buttonball Lane School","=""0540211""","N/A","N/A"
"Glastonbury School District",".","Eastbury School","=""0540311""","N/A","N/A"
"Glastonbury School District",".","Gideon Welles School","=""0540811""",6,1.2
"Glastonbury School District",".","Glastonbury High School","=""0546111""",105,4.8
"Glastonbury School District",".","Hebron Avenue School","=""0540411""","N/A","N/A"
"Glastonbury School District",".","Hopewell School","=""0540611""","*","*"
"Glastonbury School District",".","Naubuc School","=""0540711""","*","*"
"Glastonbury School District",".","Nayaug Elementary School","=""0540911""","*","*"
"Glastonbury School District",".","Smith Middle School","=""0545211""",19,1.7
"Granby School District",".","Frank M. Kearns Primary School","=""0560111""","N/A","N/A"
"Granby School District",".","Granby Memorial High School","=""0566111""",56,7.2
"Granby School District",".","Granby Memorial Middle School","=""0565111""",7,2.0
"Granby School District",".","Kelly Lane Intermediate School","=""0560411""","N/A","N/A"
"Granby School District",".","Wells Road Intermediate School","=""0560311""","*","*"
"Bethany School District",".","Bethany Community School","=""0080111""",6,1.2
"Bloomfield School District",".","Bloomfield High School","=""0116111""",129,21.2
"Bloomfield School District",".","Carmen Arace Intermediate School","=""0110711""",39,12.8
"Bloomfield School District",".","Carmen Arace Middle School","=""0115211""",55,20.1
"Bloomfield School District",".","J. P. Vincent School","=""0110311""",15,4.3
"Bloomfield School District",".","Laurel School","=""0110611""",25,9.0
"Bloomfield School District",".","The Big Picture High School","=""0116211""",10,11.5
"Bloomfield School District",".","Wintonbury Early Childhood Magnet School","=""0110811""","N/A","N/A"
"Cornwall School District",".","Cornwall Consolidated School","=""0310111""","*","*"
"Coventry School District",".","Capt. Nathan Hale School","=""0325111""",43,9.3
"Coventry School District",".","Coventry Early Intervention Services","=""0328011""","N/A","N/A"
"Coventry School District",".","Coventry Grammar School","=""0320211""","N/A","N/A"
"Coventry School District",".","Coventry High School","=""0326111""",130,23.2
"Coventry School District",".","George Hersey Robertson School","=""0320411""",18,4.3
"Cromwell School District",".","Cromwell High School","=""0336111""",112,19.1
"Cromwell School District",".","Cromwell Middle School","=""0335111""",67,14.1
"Cromwell School District",".","Edna C. Stevens School","=""0330211""","*","*"
"Cromwell School District",".","Woodside Intermediate School","=""0330311""",7,1.5
"Farmington School District",".","East Farms School","=""0520411""","*","*"
"Farmington School District",".","Farmington Collaborative PK","=""0528011""","N/A","N/A"
"Farmington School District",".","Farmington High School","=""0526111""",67,5.1
"Farmington School District",".","Irving A. Robbins Middle School","=""0525111""",25,3.6
"Farmington School District",".","Noah Wallace School","=""0520211""","N/A","N/A"
"Farmington School District",".","Union School","=""0520111""","*","*"
"Farmington School District",".","West District School","=""0520311""","*","*"
"Farmington School District",".","West Woods Upper Elementary School","=""0520511""","*","*"
"New Milford School District",".","John Pettibone School","=""0960511""","N/A","N/A"
"New Milford School District",".","John Pettibone School","=""0960711""","N/A","N/A"
"New Milford School District",".","Litchfield Hills Transition Center","=""0969011""","N/A","*"
"New Milford School District",".","New Milford High School","=""0966111""",206,13.6
"New Milford School District",".","Northville Elementary School","=""0960811""","N/A","N/A"
"New Milford School District",".","Sarah Noble Intermediate School","=""0960911""",11,1.1
"New Milford School District",".","Schaghticoke Middle School","=""0965211""",91,12.2
"Newtown School District",".","Hawley Elementary School","=""0970111""","*","*"
"Newtown School District",".","Head O'Meadow Elementary School","=""0970411""","N/A","N/A"
"Newtown School District",".","Middle Gate Elementary School","=""0970311""","N/A","N/A"
"Newtown School District",".","Newtown High School","=""0976111""",103,6.1
"Newtown School District",".","Newtown Middle School","=""0975111""",34,3.8
"Newtown School District",".","Newtown Preschool","=""0978011""","N/A","N/A"
"Newtown School District",".","Reed Intermediate School","=""0970511""",32,3.6
"Newtown School District",".","STARR","=""0979011""","N/A","*"
"Newtown School District",".","Sandy Hook Elementary School","=""0970211""","N/A","N/A"
"Norfolk School District",".","Botelle Elementary School","=""0980111""","N/A","N/A"
"Norfolk School District",".","Bridges II","=""0989211""","N/A","*"
"Norfolk School District",".","IEP Program","=""0989011""","N/A","*"
"North Branford School District",".","Jerome Harrison School","=""0990411""","*","*"
"North Branford School District",".","North Branford High School","=""0996111""",120,17.7
"North Branford School District",".","North Branford Intermediate School","=""0995111""",93,15.4
"North Branford School District",".","Totoket Valley Elementary School","=""0990611""",9,1.8
"Rocky Hill School District",".","Albert D. Griswold Middle School","=""1195111""",24,3.7
"Rocky Hill School District",".","Dr. Oran A. Moser School","=""1190211""","N/A","N/A"
"Rocky Hill School District",".","Myrtle H. Stevens School","=""1190411""","*","*"
"Rocky Hill School District",".","Rocky Hill High School","=""1196111""",64,8.6
"Rocky Hill School District",".","West Hill School","=""1190511""",7,1.1
"Salem School District",".","Salem Elementary School","=""1210111""",12,2.6
"Seymour School District",".","Anna L. Lopresti School","=""1240311""",9,3.0
"Seymour School District",".","Bungay School","=""1240111""","N/A","N/A"
"Seymour School District",".","Paul Chatfield School","=""1240411""","*","*"
"Seymour School District",".","Seymour High School","=""1246111""",136,21.2
"Seymour School District",".","Seymour Middle School","=""1245111""",78,13.4
"Salisbury School District",".","Salisbury Central School","=""1220111""",9,2.9
"Scotland School District",".","Scotland Elementary School","=""1230111""","*","*"
"Sharon School District",".","Sharon Center School","=""1250111""","*","*"
"Shelton School District",".","Booth Hill School","=""1261011""","*","*"
"Shelton School District",".","Elizabeth Shelton School","=""1260511""","N/A","N/A"
"Shelton School District",".","Intermediate School","=""1265111""",52,5.6
"Shelton School District",".","Long Hill School","=""1260811""","*","*"
"Shelton School District",".","Mohegan School","=""1260911""","N/A","N/A"
"Shelton School District",".","Perry Hill Elementary School","=""1261111""",9,1.0
"Shelton School District",".","Shelton High School","=""1266111""",268,17.2
"Shelton School District",".","Sunnyside School","=""1260611""","N/A","N/A"
"Tolland School District",".","Birch Grove Primary School","=""1420111""","N/A","N/A"
"Tolland School District",".","Tolland High School","=""1426111""",99,10.5
"Tolland School District",".","Tolland Intermediate School","=""1420211""","*","*"
"Tolland School District",".","Tolland Middle School","=""1425111""",35,4.7
"Torrington School District",".","East School","=""1430111""","*","*"
"Torrington School District",".","Forbes School","=""1430211""",28,7.0
"Torrington School District",".","Southwest School","=""1430811""",10,3.2
"Torrington School District",".","Torringford School","=""1430911""",6,0.9
"Torrington School District",".","Torrington High School","=""1436111""",216,19.9
"Torrington School District",".","Torrington Middle School","=""1435111""",176,15.5
"Torrington School District",".","Vogel-Wetmore School","=""1431311""",9,2.0
"West Haven School District",".","Alma E. Pagels School","=""1560811""","*","*"
"West Haven School District",".","Carrigan 5/6 Intermediate School","=""1565311""",68,7.1
"West Haven School District",".","Edith E. Mackrille School","=""1560611""","*","*"
"West Haven School District",".","Forest School","=""1560311""",7,1.5
"West Haven School District",".","Harry M. Bailey Middle School","=""1565111""",213,21.4
"West Haven School District",".","Savin Rock Community School","=""1561411""",13,2.4
"West Haven School District",".","Seth G. Haley School","=""1560411""","*","*"
"West Haven School District",".","Washington School","=""1561211""",6,1.3
"West Haven School District",".","West Haven High School","=""1566111""",404,26.3
"Weston School District",".","Hurlbutt Elementary School","=""1570111""","N/A","N/A"
"Weston School District",".","Weston High School","=""1576111""",10,1.3
"Weston School District",".","Weston Intermediate School","=""1570211""","N/A","N/A"
"Weston School District",".","Weston Middle School","=""1575111""",14,2.3
"Westport School District",".","Bedford Middle School","=""1585111""",24,2.9
"Westport School District",".","Coleytown Elementary School","=""1580311""",9,1.9
"Westport School District",".","Coleytown Middle School","=""1585311""",13,2.7
"Westport School District",".","Green's Farms School","=""1580411""","*","*"
"Westport School District",".","King's Highway Elementary School","=""1580511""",7,1.5
"Westport School District",".","Long Lots School","=""1580711""","N/A","N/A"
"Westport School District",".","Saugatuck Elementary School","=""1580811""","*","*"
"Westport School District",".","Staples High School","=""1586111""",55,3.0
"Westport School District",".","Stepping Stones Preschool","=""1588011""","N/A","N/A"
"Regional School District 15",".","Gainfield Elementary School","=""2150412""","*","*"
"Regional School District 15",".","Long Meadow Elementary School","=""2150712""","*","*"
"Regional School District 15",".","Memorial Middle School","=""2155212""",16,3.2
"Regional School District 15",".","Middlebury Elementary School","=""2150612""","*","*"
"Regional School District 15",".","Pomperaug Regional High School","=""2156212""",109,7.9
"Regional School District 15",".","Pomperaug School","=""2150512""","*","*"
"Regional School District 15",".","Rochambeau Middle School","=""2155112""",7,1.3
"Regional School District 16",".","Algonquin School","=""2160312""","*","*"
"Regional School District 16",".","Community School","=""2160212""","N/A","N/A"
"Regional School District 16",".","Laurel Ledge School","=""2160112""","*","*"
"Regional School District 16",".","Long River Middle School","=""2165112""",47,7.9
"Regional School District 16",".","Woodland Regional High School","=""2166012""",91,11.8
"Regional School District 17",".","Burr District Elementary School","=""2170212""","*","*"
"Regional School District 17",".","Haddam Elementary School","=""2170112""","N/A","N/A"
"Regional School District 17",".","Haddam-Killingworth High School","=""2176112""",57,8.5
"Regional School District 17",".","Haddam-Killingworth Middle School","=""2175112""",68,8.6
"Regional School District 17",".","Killingworth Elementary School","=""2170312""","*","*"
"Middletown School District",".","Bielefield School","=""0830211""","N/A","N/A"
"Middletown School District",".","Farm Hill School","=""0830511""",13,3.5
"Middletown School District",".","Keigwin Middle School","=""0831511""",55,14.9
"Middletown School District",".","Lawrence School","=""0831311""","*","*"
"Middletown School District",".","MacDonough School","=""0830911""",13,5.5
"Middletown School District",".","Middletown High School","=""0836211""",271,20.2
"Middletown School District",".","Moody School","=""0831211""",10,2.8
"Middletown School District",".","Snow School","=""0831111""",8,2.1
"Middletown School District",".","Spencer School","=""0830111""","*","*"
"Middletown School District",".","Wesley School","=""0831411""","N/A","N/A"
"Middletown School District",".","Woodrow Wilson Middle School","=""0835411""",92,12.6
"New London School District",".","Bennie Dover Jackson Middle School","=""0955111""",225,38.0
"New London School District",".","Harbor School","=""0950211""",10,3.3
"New London School District",".","Jennings School","=""0950311""","N/A","N/A"
"New London School District",".","Natha Hale Magnet Elementary School for the Performing &amp; Visual Arts","=""0950911""",26,9.3
"New London School District",".","New London Clinical Day Program","=""0959111""","*","*"
"New London School District",".","New London High School","=""0956111""",337,33.9
"New London School District",".","Shoreline Academy","=""0950511""",13,11.3
"New London School District",".","Winthrop STEM Elementary Magnet School","=""0950811""",57,23.5
"Putnam School District",".","Helping Hands","=""1169011""","N/A","*"
"Putnam School District",".","Putnam Elementary School","=""1160311""",20,2.9
"Putnam School District",".","Putnam High School","=""1166111""",62,20.9
"Putnam School District",".","Putnam Middle School","=""1165111""",59,22.4
"Redding School District",".","John Read Middle School","=""1175111""",10,1.7
"Redding School District",".","Redding Elementary School","=""1170111""",6,0.9
"Ridgefield School District",".","Barlow Mountain Elementary School","=""1180811""","*","*"
"Ridgefield School District",".","Branchville Elementary School","=""1180611""","*","*"
"Ridgefield School District",".","East Ridge Middle School","=""1185111""","*","*"
"Ridgefield School District",".","Farmingville Elementary School","=""1180411""","*","*"
"Ridgefield School District",".","Ridgebury Elementary School","=""1180311""","*","*"
"Ridgefield School District",".","Ridgefield High School","=""1186111""",60,3.4
"Ridgefield School District",".","Ridgefield Transition Program","=""1189011""","N/A","*"
"Ridgefield School District",".","Scotland Elementary School","=""1180511""","*","*"
"Ridgefield School District",".","Scotts Ridge Middle School","=""1185211""",7,1.2
"Ridgefield School District",".","Veterans Park Elementary School","=""1180211""","N/A","N/A"
"Suffield School District",".","A. Ward Spaulding School","=""1390411""","N/A","N/A"
"Suffield School District",".","McAlister Intermediate School","=""1390311""","*","*"
"Suffield School District",".","Suffield High School","=""1396111""",114,13.4
"Suffield School District",".","Suffield Middle School","=""1395111""",33,5.5
"Thomaston School District",".","Black Rock School","=""1400111""","N/A","N/A"
"Thomaston School District",".","Thomaston Center School","=""1400211""","*","*"
"Thomaston School District",".","Thomaston High School","=""1406211""",84,15.9
"Thompson School District",".","Mary R. Fisher Elementary School","=""1410111""",14,2.9
"Thompson School District",".","Thompson Middle School","=""1415111""",41,9.7
"Thompson School District",".","Tourtellotte Memorial High School","=""1416111""",31,8.8
"West Hartford School District",".","Achieve","=""1559111""","N/A","*"
"West Hartford School District",".","Aiken School","=""1551611""","N/A","N/A"
"West Hartford School District",".","Braeburn School","=""1550211""","*","*"
"West Hartford School District",".","Bristow Middle School","=""1555311""",13,3.1
"West Hartford School District",".","Bugbee School","=""1550411""","*","*"
"West Hartford School District",".","Charter Oak International Academy","=""1550511""",18,5.7
"West Hartford School District",".","Conard High School","=""1556111""",150,9.8
"West Hartford School District",".","Duffy School","=""1550611""","*","*"
"West Hartford School District",".","Hall High School","=""1556211""",155,9.8
"West Hartford School District",".","King Philip Middle School","=""1555111""",74,8.4
"West Hartford School District",".","Morley School","=""1550911""","*","*"
"West Hartford School District",".","Norfeldt School","=""1551011""","*","*"
"West Hartford School District",".","Sedgwick Middle School","=""1555211""",68,7.4
"West Hartford School District",".","Smith School","=""1551711""","N/A","N/A"
"West Hartford School District",".","WAAVE (W Hartford Applied Academic/Voc'l Experience)","=""1559011""","N/A","*"
"West Hartford School District",".","Webster Hill School","=""1551211""","*","*"
"West Hartford School District",".","Whiting Lane School","=""1551311""","*","*"
"West Hartford School District",".","Wolcott School","=""1551511""","*","*"
"Regional School District 12",".","Booth Free School","=""2120212""","*","*"
"Regional School District 12",".","Early Childhood Education Center","=""2128012""","N/A","N/A"
"Regional School District 12",".","Shepaug Valley High School","=""2126112""",47,14.5
"Regional School District 12",".","Shepaug Valley Middle School","=""2125112""",14,6.1
"Regional School District 12",".","The Burnham School","=""2120112""","N/A","N/A"
"Regional School District 12",".","Washington Primary School","=""2120412""","*","*"
"Regional School District 13",".","Coginchaug Regional High School","=""2136112""",15,2.6
"Regional School District 13",".","Francis E. Korn School","=""2130212""","*","*"
"Regional School District 13",".","Frank Ward Strong School","=""2135112""",7,2.0
"Regional School District 13",".","Frederick Brewster School","=""2130112""","N/A","N/A"
"Regional School District 13",".","John Lyman School","=""2130512""","*","*"
"Regional School District 13",".","Middlefield Memorial School","=""2130412""","*","*"
"Regional School District 14",".","Bethlehem Elementary School","=""2140112""","N/A","N/A"
"Regional School District 14",".","Integrated Star Preschool Program","=""2148012""","N/A","N/A"
"Regional School District 14",".","Mitchell Elementary School","=""2140212""","N/A","N/A"
"Regional School District 14",".","Nonnewaug High School","=""2146112""",79,9.2
"Regional School District 14",".","Woodbury Middle School","=""2145112""",11,2.5
"Meriden School District",".","Benjamin Franklin School","=""0800111""",8,1.6
"Meriden School District",".","Casimir Pulaski School","=""0801111""",36,5.2
"Meriden School District",".","Francis T. Maloney High School","=""0806111""",395,31.5
"Meriden School District",".","Hanover School","=""0800311""",11,2.0
"Meriden School District",".","Israel Putnam School","=""0800411""",115,20.8
"Meriden School District",".","John Barry School","=""0800511""",43,8.3
"Meriden School District",".","Lincoln Middle School","=""0805211""",249,33.5
"Meriden School District",".","Nathan Hale School","=""0800711""","*","*"
"Meriden School District",".","Orville H. Platt High School","=""0806211""",364,33.6
"Meriden School District",".","Roger Sherman School","=""0800811""",27,5.1
"Meriden School District",".","Thomas Hooker School","=""0801011""",9,2.0
"Meriden School District",".","Washington Middle School","=""0805411""",294,32.1
"New Haven School District",".","Augusta Lewis Troup School","=""0931511""",53,9.9
"New Haven School District",".","Barnard Environmental Magnet School","=""0930211""",31,5.9
"New Haven School District",".","Beecher School","=""0930311""",67,14.9
"New Haven School District",".","Benjamin Jepson Magnet School","=""0931811""",49,9.5
"New Haven School District",".","Betsy Ross Arts Magnet School","=""0935511""",49,11.1
"New Haven School District",".","Bishop Woods School","=""0934311""",41,8.3
"New Haven School District",".","Celentano BioTech, Health and Medical Magnet School","=""0934811""",47,10.0
"New Haven School District",".","Christopher Columbus Academy","=""0934111""","N/A","N/A"
"New Haven School District",".","Clemente Leadership Academy","=""0934211""",48,8.4
"New Haven School District",".","Clinton Avenue School","=""0930611""","*","*"
"New Haven School District",".","Conte/West Hills Magnet School","=""0933111""",34,5.7
"New Haven School District",".","Cooperative High School","=""0936411""",53,8.9
"New Haven School District",".","Davis 21st Century Magnet Elementary School","=""0930911""",8,1.7
"New Haven School District",".","Domus Academy","=""0935611""","N/A","N/A"
"New Haven School District",".","Dwight Early Childhood Program","=""0938211""","N/A","N/A"
"New Haven School District",".","Early Learning Center","=""0938111""","N/A","N/A"
"New Haven School District",".","East Rock Community Magnet School","=""0934611""",45,10.5
"New Haven School District",".","Edgewood School","=""0931211""",25,5.5
"New Haven School District",".","Engineering - Science University Magnet School","=""0931711""",39,17.8
"New Haven School District",".","Fair Haven School","=""0931611""",42,6.4
"New Haven School District",".","Headstart","=""0938011""","N/A","N/A"
"New Haven School District",".","Helene Grant HeadStart","=""0938311""","N/A","N/A"
"New Haven School District",".","High School In The Community","=""0936611""",48,17.7
"New Haven School District",".","Hill Central Music Academy","=""0930711""",54,13.2
"New Haven School District",".","Hill Regional Career High School","=""0936311""",45,6.8
"New Haven School District",".","Hyde School of Health, Science and Sports Medicine","=""0936811""",73,36.3
"New Haven School District",".","James Hillhouse High School","=""0936211""",237,23.4
"New Haven School District",".","John C. Daniels","=""0931311""",11,2.1
"New Haven School District",".","John S. Martinez School","=""0930811""",30,5.6
"New Haven School District",".","Katherine Brennan/Clarence Rogers School","=""0932111""",67,20.4
"New Haven School District",".","King/Robinson Magnet School","=""0933011""",78,14.3
"New Haven School District",".","Lincoln-Bassett School","=""0932011""",30,8.5
"New Haven School District",".","Mauro-Sheridan Magnet School","=""0931911""",56,10.0
"New Haven School District",".","Metropolitan Business Academy","=""0936011""",32,11.5
"New Haven School District",".","Nathan Hale School","=""0931411""",23,4.1
"New Haven School District",".","New Haven Academy","=""0937011""",41,16.4
"New Haven School District",".","Polly T. McCabe Center","=""0939211""","N/A","N/A"
"New Haven School District",".","Riverside Education Academy","=""0939111""",46,30.5
"New Haven School District",".","Ross/Woodward School","=""0931011""",69,13.3
"New Haven School District",".","Sound School","=""0936711""",10,3.2
"New Haven School District",".","Strong 21st Century Communications Magnet and SCSU Lab School","=""0932811""","N/A","N/A"
"New Haven School District",".","Truman School","=""0932911""",34,6.2
"New Haven School District",".","West Rock Authors Academy","=""0934911""",22,9.7
"New Haven School District",".","Wexler/Grant Community School","=""0933211""",57,14.3
"New Haven School District",".","Wilbur Cross High School","=""0936111""",284,22.8
"New Haven School District",".","Worthington Hooker School","=""0933811""",9,2.1
"Newington School District",".","Anna Reynolds School","=""0940611""","*","*"
"Newington School District",".","Elizabeth Green School","=""0940211""","*","*"
"Newington School District",".","John Paterson School","=""0940811""","*","*"
"Newington School District",".","John Wallace Middle School","=""0945311""",41,5.8
"Newington School District",".","Martin Kellogg Middle School","=""0945111""",53,8.5
"Newington School District",".","Newington High School","=""0946111""",165,11.1
"Newington School District",".","Ruth Chaffee School","=""0940711""","N/A","N/A"
"Plymouth School District",".","Eli Terry Jr. Middle School","=""1115111""",51,11.4
"Plymouth School District",".","Harry S. Fisher Elementary School","=""1110411""","N/A","N/A"
"Plymouth School District",".","Plymouth Center School","=""1110211""","*","*"
"Plymouth School District",".","Terryville High School","=""1116111""",68,12.8
"Pomfret School District",".","Pomfret Community School","=""1120111""",6,1.2
"Portland School District",".","Brownstone Intermediate School","=""1130511""",6,2.5
"Portland School District",".","Gildersleeve School","=""1130411""","*","*"
"Portland School District",".","Portland High School","=""1136111""",43,11.7
"Portland School District",".","Portland Middle School","=""1135111""",8,3.6
"Portland School District",".","Valley View School","=""1130211""","N/A","N/A"
"Preston School District",".","Preston Plains School","=""1145111""",10,7.4
"Preston School District",".","Preston Veterans' Memorial School","=""1140411""","*","*"
"Stratford School District",".","Bunnell High School","=""1386211""",165,13.4
"Stratford School District",".","Chapel School","=""1380311""",19,3.4
"Stratford School District",".","David Wooster Middle School","=""1385211""",107,18.8
"Stratford School District",".","Eli Whitney School","=""1381311""",12,2.2
"Stratford School District",".","Franklin School","=""1380411""",16,5.2
"Stratford School District",".","Harry B. Flood Middle School","=""1385311""",61,10.3
"Stratford School District",".","Honeyspot School","=""1381611""","*","*"
"Stratford School District",".","Lordship School","=""1380811""",11,5.2
"Stratford School District",".","Nichols School","=""1380911""",18,4.1
"Stratford School District",".","Second Hill Lane School","=""1381011""",24,3.3
"Stratford School District",".","Secondary STEPS Program","=""1389111""",6,"*"
"Stratford School District",".","Stratford Academy - Johnson House","=""1381511""",6,1.3
"Stratford School District",".","Stratford High School","=""1386111""",168,16.0
"Stratford School District",".","Strive-Stratford","=""1389011""","N/A","*"
"Stratford School District",".","Wilcoxson School","=""1381411""",10,2.5
"Watertown School District",".","Fletcher W. Judson School","=""1530311""",12,3.4
"Watertown School District",".","John Trumbull Primary School","=""1530211""","*","*"
"Watertown School District",".","Polk School","=""1530411""",10,2.7
"Watertown School District",".","Swift Middle School","=""1535111""",85,11.2
"Watertown School District",".","Watertown High School","=""1536111""",170,17.2
"Westbrook School District",".","Daisy Ingraham School","=""1540211""","N/A","N/A"
"Westbrook School District",".","Westbrook High School","=""1546111""",42,14.0
"Westbrook School District",".","Westbrook Middle School","=""1545111""",29,9.3
"Regional School District 07",".","AIM","=""2079112""","*","*"
"Regional School District 07",".","FLEX","=""2079012""","N/A","*"
"Regional School District 07",".","Intensive Learning Program","=""2079412""","*","*"
"Regional School District 07",".","LINKS","=""2079212""","*","*"
"Regional School District 07",".","Northwestern Regional High School","=""2076112""",54,7.2
"Regional School District 07",".","Northwestern Regional Middle School","=""2075112""",11,3.4
"Regional School District 07",".","STEP","=""2079312""","*","*"
"Regional School District 08",".","RHAM High School","=""2086112""",121,10.5
"Regional School District 08",".","RHAM Middle School","=""2085112""",58,9.6
"Regional School District 09",".","Joel Barlow High School","=""2096112""",10,1.0
"Regional School District 10",".","Har-Bur Middle School","=""2105112""",36,4.1
"Regional School District 10",".","Harwinton Consolidated School","=""2100312""","N/A","N/A"
"Regional School District 10",".","Lake Garda Elementary School","=""2100212""","N/A","N/A"
"Regional School District 10",".","Lewis S. Mills High School","=""2106112""",93,11.3
"Regional School District 11",".","Parish Hill High School","=""2116112""",38,13.7
"Connecticut Technical High School System",".","A. I. Prince Technical High School","=""9001516""",216,30.0
"Connecticut Technical High School System",".","Bullard-Havens Technical High School","=""9001116""",168,19.5
"Connecticut Technical High School System",".","E. C. Goodwin Technical High School","=""9001916""",149,26.1
"Connecticut Technical High School System",".","Eli Whitney Technical High School","=""9001416""",283,53.8
"Connecticut Technical High School System",".","Ella T. Grasso Southeastern Technical High School","=""9002716""",136,23.6
"Connecticut Technical High School System",".","Emmett O'Brien Technical High School","=""9002516""",134,25.4
"Connecticut Technical High School System",".","H. C. Wilcox Technical High School","=""9001716""",164,20.8
"Connecticut Technical High School System",".","H. H. Ellis Technical High School","=""9001316""",94,18.0
"Connecticut Technical High School System",".","Henry Abbott Technical High School","=""9001216""",159,24.8
"Connecticut Technical High School System",".","Howell Cheney Technical High School","=""9001616""",150,23.0
"Connecticut Technical High School System",".","Norwich Technical High School","=""9002016""",108,17.1
"Connecticut Technical High School System",".","Oliver Wolcott Technical High School","=""9002216""",140,19.8
"Connecticut Technical High School System",".","Platt Technical High School","=""9002616""",267,30.9
"Connecticut Technical High School System",".","Vinal Technical High School","=""9001816""",194,32.5
"Connecticut Technical High School System",".","W. F. Kaynor Technical High School","=""9002316""",83,11.3
"Connecticut Technical High School System",".","Windham Technical High School","=""9002416""",107,18.9
"Norwich Free Academy District",".","LEAD (Life Skills, Education and Adult Development)","=""9010122""","*","*"
"Norwich Free Academy District",".","Norwich Free Academy","=""9016122""",325,13.9
"The Gilbert School District",".","The Gilbert School","=""9026122""",50,15.2
"Woodstock Academy District",".","Woodstock Academy","=""9036122""",69,6.2
"Marlborough School District",".","Elmer Thienes-Mary Hall Elementary School","=""0790111""","*","*"
"Mansfield School District",".","Annie E. Vinton School","=""0780411""","N/A","N/A"
"Mansfield School District",".","Dorothy C. Goodwin School","=""0780211""","*","*"
"Mansfield School District",".","Mansfield Middle School School","=""0785111""",21,3.6
"Mansfield School District",".","Southeast Elementary School","=""0780511""","*","*"
"Oxford School District",".","Great Oak School","=""1085111""",20,4.0
"Oxford School District",".","Oxford Center School","=""1080111""","N/A","N/A"
"Oxford School District",".","Oxford High School","=""1086011""",26,4.2
"Oxford School District",".","Quaker Farms School","=""1080311""","N/A","N/A"
"Plainfield School District",".","Early Childhood Center","=""1098011""","N/A","*"
"Plainfield School District",".","Moosup Elementary School","=""1090111""","N/A","N/A"
"Plainfield School District",".","Plainfield Central School","=""1095111""",70,11.8
"Plainfield School District",".","Plainfield High School","=""1096111""",100,12.6
"Plainfield School District",".","Plainfield Memorial School","=""1090311""",44,10.9
"Plainfield School District",".","Shepard Hill Elementary School","=""1090411""","*","*"
"Plainville School District",".","Frank T. Wheeler School","=""1100411""",7,2.6
"Plainville School District",".","Linden Street School","=""1100211""","*","*"
"Plainville School District",".","Louis Toffolon School","=""1100511""","*","*"
"Plainville School District",".","Middle School of Plainville","=""1105211""",55,9.4
"Plainville School District",".","Plainville High School","=""1106111""",78,9.8
"Plainville School District",".","Prekindergarten Program","=""1108011""","N/A","N/A"
"Sterling School District",".","Sterling Community School","=""1360311""",31,6.3
"Stonington School District",".","Deans Mill School","=""1370511""",6,1.2
"Stonington School District",".","Mystic Middle School","=""1375211""",22,4.9
"Stonington School District",".","Pawcatuck Middle School","=""1375111""",26,7.5
"Stonington School District",".","Special Needs Preschool Program","=""1378011""","N/A","N/A"
"Stonington School District",".","Stonington High School","=""1376111""",98,12.8
"Stonington School District",".","West Broad Street School","=""1370411""","N/A","N/A"
"Stonington School District",".","West Vine Street School","=""1370611""","N/A","N/A"
"Waterbury School District",".","B. W. Tinker School","=""1512111""",23,4.5
"Waterbury School District",".","Barnard School","=""1510311""","*","*"
"Waterbury School District",".","Brooklyn Elementary School","=""1511011""",8,4.1
"Waterbury School District",".","Bucks Hill School","=""1510511""",33,5.9
"Waterbury School District",".","Bunker Hill School","=""1510611""",27,5.5
"Waterbury School District",".","Carrington School","=""1512711""",14,2.9
"Waterbury School District",".","Crosby High School","=""1516211""",830,57.3
"Waterbury School District",".","Driggs School","=""1510911""",76,14.0
"Waterbury School District",".","Enlightenment School","=""1519111""",180,79.6
"Waterbury School District",".","F. J. Kingsbury School","=""1511411""",30,6.1
"Waterbury School District",".","Gilmartin School","=""1512611""",21,6.1
"Waterbury School District",".","H. S. Chase School","=""1510711""",51,6.9
"Waterbury School District",".","Hopeville School","=""1511311""",10,2.6
"Waterbury School District",".","John F. Kennedy High School","=""1516411""",630,44.9
"Waterbury School District",".","Maloney Interdistrict Magnet School","=""1513111""",8,1.3
"Waterbury School District",".","Margaret M. Generali Elementary School","=""1511111""",57,10.0
"Waterbury School District",".","Michael F. Wallace Middle School","=""1515111""",531,38.6
"Waterbury School District",".","North End Middle School","=""1515311""",354,29.1
"Waterbury School District",".","Regan School","=""1512811""",11,3.8
"Waterbury School District",".","Rotella Interdistrict Magnet School","=""1513311""",31,5.0
"Waterbury School District",".","Special Education Preschool","=""1518011""","N/A","N/A"
"Waterbury School District",".","Sprague School","=""1512011""",67,18.9
"Waterbury School District",".","State Street School","=""1519011""",68,70.1
"Waterbury School District",".","Walsh School","=""1512211""",68,12.0
"Waterbury School District",".","Washington School","=""1512311""",14,4.4
"Waterbury School District",".","Waterbury Arts Magnet School (High)","=""1516011""",92,19.7
"Waterbury School District",".","Waterbury Arts Magnet School (Middle)","=""1515011""",63,20.1
"Waterbury School District",".","Wendell L. Cross School","=""1510811""",15,4.0
"Waterbury School District",".","West Side Middle School","=""1515211""",384,32.3
"Waterbury School District",".","Wilby High School","=""1516311""",434,33.6
"Waterbury School District",".","Woodrow Wilson School","=""1513211""",41,9.7
"Waterford School District",".","Clark Lane Middle School","=""1525111""",77,11.1
"Waterford School District",".","Great Neck Elementary School","=""1520211""","*","*"
"Waterford School District",".","Oswegatchie Elementary School","=""1520611""","*","*"
"Waterford School District",".","Quaker Hill Elementary School","=""1520711""","*","*"
"Waterford School District",".","Waterford High School","=""1526111""",135,14.1
"Regional School District 04",".","John Winthrop Middle School","=""2045112""",13,3.6
"Regional School District 04",".","Valley Regional High School","=""2046112""",46,7.6
"Regional School District 05",".","Amity Middle School: Bethany","=""2055112""",10,2.4
"Regional School District 05",".","Amity Middle School: Orange","=""2055212""","*","*"
"Regional School District 05",".","Amity Regional High School","=""2056112""",110,6.7
"Regional School District 06",".","Goshen Center School","=""2060112""","N/A","N/A"
"Regional School District 06",".","James Morris School","=""2060212""","N/A","N/A"
"Regional School District 06",".","Wamogo Regional High School","=""2066112""",70,12.7
"Regional School District 06",".","Warren Elementary School","=""2060312""","*","*"
"Manchester School District",".","Bowers School","=""0770111""",21,5.1
"Manchester School District",".","Buckley School","=""0770311""","*","*"
"Manchester School District",".","Elisabeth M. Bennet Academy","=""0771711""",78,17.1
"Manchester School District",".","Highland Park School","=""0770411""","*","*"
"Manchester School District",".","Illing Middle School","=""0775311""",136,15.2
"Manchester School District",".","Keeney School","=""0770611""","N/A","N/A"
"Manchester School District",".","Manchester High School","=""0776111""",238,13.0
"Manchester School District",".","Manchester Preschool Center","=""0778011""","N/A","N/A"
"Manchester School District",".","Manchester Regional Academy","=""0779011""",72,60.5
"Manchester School District",".","Manchester Transition Center","=""0779111""","N/A","*"
"Manchester School District",".","Martin School","=""0771611""","*","*"
"Manchester School District",".","Nathan Hale School","=""0770911""",16,6.5
"Manchester School District",".","Robertson School","=""0771011""",16,4.3
"Manchester School District",".","Verplanck School","=""0771211""",39,11.6
"Manchester School District",".","Waddell School","=""0771311""",30,8.7
"Manchester School District",".","Washington School","=""0771411""",9,2.9
"Norwich School District",".","Bishop School Early Learning Center","=""1040111""","N/A","*"
"Norwich School District",".","Deborah-Tennant Zinewicz  School","=""1049111""",26,54.2
"Norwich School District",".","Hickory Street School","=""1049011""","*","*"
"Norwich School District",".","John B. Stanton Network School","=""1041411""",18,4.4
"Norwich School District",".","Kelly Middle School","=""1045111""",138,22.1
"Norwich School District",".","Moriarty Magnet School","=""1042011""",26,5.1
"Norwich School District",".","Samuel Huntington School","=""1040811""","*","*"
"Norwich School District",".","Teachers' Memorial Middle School","=""1045211""",131,24.4
"Norwich School District",".","Thames River Academy","=""1046111""",22,28.9
"Norwich School District",".","Thomas W. Mahan School","=""1041711""","*","*"
"Norwich School District",".","Uncas Network School","=""1041911""",21,6.5
"Norwich School District",".","Veterans' Memorial School","=""1041811""","*","*"
"Norwich School District",".","Wequonnoc Magnet School","=""1041511""",26,9.9
"Old Saybrook School District",".","Kathleen E. Goodwin School","=""1060211""","N/A","N/A"
"Old Saybrook School District",".","Old Saybrook Middle School","=""1065211""",32,5.5
"Old Saybrook School District",".","Old Saybrook Senior High School","=""1066111""",34,6.4
"Orange School District",".","Mary L. Tracy School","=""1070211""","N/A","N/A"
"Orange School District",".","Peck Place School","=""1070511""","*","*"
"Orange School District",".","Race Brook School","=""1070311""","*","*"
"Orange School District",".","Turkey Hill School","=""1070411""",7,2.3
"Stamford School District",".","Cloonan School","=""1355611""",29,4.9
"Stamford School District",".","Davenport Ridge School","=""1352011""","*","*"
"Stamford School District",".","Dolan School","=""1355311""",12,2.2
"Stamford School District",".","Hart School","=""1352211""","N/A","N/A"
"Stamford School District",".","Julia A. Stark School","=""1351211""","N/A","N/A"
"Stamford School District",".","K. T. Murphy School","=""1350511""","N/A","N/A"
"Stamford School District",".","Newfield School","=""1350611""",12,1.8
"Stamford School District",".","Northeast School","=""1351811""","N/A","N/A"
"Stamford School District",".","Preschool Team","=""1358011""","N/A","N/A"
"Stamford School District",".","Rippowam Middle School","=""1355811""",57,8.8
"Stamford School District",".","Rogers International School","=""1350811""","*","*"
"Stamford School District",".","Roxbury School","=""1350911""",6,0.9
"Stamford School District",".","Scofield Middle School","=""1355711""","*","*"
"Stamford School District",".","Springdale School","=""1351111""","*","*"
"Stamford School District",".","Stamford High School","=""1356111""",218,11.9
"Stamford School District",".","Stillmeadow School","=""1352111""","*","*"
"Stamford School District",".","The Academy of Information Technology","=""1356411""","*","*"
"Stamford School District",".","Toquam Magnet School","=""1351911""","*","*"
"Stamford School District",".","Turn of River School","=""1355511""",17,2.9
"Stamford School District",".","Westhill High School","=""1356311""",262,11.3
"Stamford School District",".","Westover School","=""1351411""","*","*"
"Windsor Locks School District",".","North Street School","=""1650111""","*","*"
"Windsor Locks School District",".","South Elementary School","=""1650411""",10,2.7
"Windsor Locks School District",".","Windsor Locks High School","=""1656111""",73,13.4
"Windsor Locks School District",".","Windsor Locks Middle School","=""1655111""",46,10.9
"Wolcott School District",".","Alcott School","=""1660611""","*","*"
"Wolcott School District",".","Frisbie School","=""1660211""",10,2.6
"Wolcott School District",".","Tyrrell Middle School","=""1665111""",43,6.3
"Wolcott School District",".","Wakelee School","=""1660511""",12,2.8
"Wolcott School District",".","Wolcott High School","=""1666111""",80,8.9
"Woodbridge School District",".","Beecher Road Intermediate School","=""1670211""","*","*"
"Woodbridge School District",".","Beecher Road Primary School","=""1670111""","N/A","N/A"
"Woodstock School District",".","Woodstock Elementary School","=""1690211""","N/A","N/A"
"Woodstock School District",".","Woodstock Middle School","=""1695111""",12,2.9
"Regional School District 01",".","Housatonic Valley Regional High School","=""2016112""",43,8.5
"Unified School District #1",".","Bergin Correctional Institution","=""3361715""","N/A","*"
"Unified School District #1",".","Bridgeport Correctional Center","=""3360115""","N/A","N/A"
"Unified School District #1",".","Brooklyn Correctional Institution","=""3360215""","N/A","*"
"Unified School District #1",".","Cheshire Correctional Institution","=""3360315""","N/A","N/A"
"Unified School District #1",".","Corrigan/Radgowski Correctional Institution","=""3362415""","N/A","N/A"
"Unified School District #1",".","Enfield Correctional Institution","=""3360415""","N/A","N/A"
"Unified School District #1",".","Garner Correctional Institution","=""3361915""","N/A","N/A"
"Unified School District #1",".","Hartford Correctional Center","=""3360615""","N/A","N/A"
"Unified School District #1",".","MacDougall/Walker Correctional Institution","=""3362215""","N/A","N/A"
"Unified School District #1",".","Manson Youth Institution","=""3361115""","N/A","N/A"
"Unified School District #1",".","New Haven Correctional Center","=""3360915""","N/A","N/A"
"Unified School District #1",".","Northern Correctional Institution","=""3362615""","N/A","N/A"
"Unified School District #1",".","Osborn Correctional Institution","=""3361215""","N/A","N/A"
"Unified School District #1",".","Robinson Correctional Institution","=""3361315""","N/A","N/A"
"Unified School District #1",".","Willard/Cybulski Correctional Institution","=""3361515""","N/A","N/A"
"Unified School District #1",".","York Correctional Institution","=""3362515""","N/A","N/A"
"Department of Mental Health and Addiction Services",".","Connecticut Valley Hospital","=""3370215""","N/A","*"
"Department of Mental Health and Addiction Services",".","Southeast Mental Health Authority","=""3370715""","N/A","*"
"Unified School District #2",".","Children''s Place School","=""3470115""","*","*"
"Unified School District #2",".","Riverview School","=""3470315""",6,8.5
"Unified School District #2",".","Walter G. Cady School","=""3476715""",56,42.4
"Lisbon School District",".","Community Connection - The Big Picture High School","=""0736011""",6,20.0
"Lisbon School District",".","Lisbon Central School","=""0730111""",15,3.0
"Litchfield School District",".","Center School","=""0740211""","N/A","N/A"
"Litchfield School District",".","Litchfield High School","=""0746111""",48,8.6
"Litchfield School District",".","Litchfield Intermediate School","=""0740311""",10,3.8
"Madison School District",".","Daniel Hand High School","=""0766111""",67,5.2
"Madison School District",".","Dr. Robert H. Brown Middle School","=""0760611""",9,1.5
"Madison School District",".","Island Avenue Elementary School","=""0760211""","*","*"
"Madison School District",".","J. Milton Jeffrey Elementary School","=""0760111""","N/A","N/A"
"Madison School District",".","Kathleen H. Ryerson Elementary School","=""0760311""","N/A","N/A"
"Madison School District",".","Town Campus Learning Center","=""0769011""","N/A","N/A"
"Madison School District",".","Walter C. Polson Upper Middle School","=""0765211""",16,2.6
"New Canaan School District",".","East School","=""0900411""","*","*"
"New Canaan School District",".","New Canaan High School","=""0906111""",38,2.8
"New Canaan School District",".","Saxe Middle School","=""0905111""",7,0.6
"New Canaan School District",".","South School","=""0900211""","N/A","N/A"
"New Canaan School District",".","West School","=""0900311""","N/A","N/A"
"New Fairfield School District",".","Consolidated School","=""0910111""",8,1.3
"New Fairfield School District",".","Meeting House Hill School","=""0910211""","*","*"
"New Fairfield School District",".","New Fairfield High School","=""0916111""",93,9.7
"New Fairfield School District",".","New Fairfield Middle School","=""0915211""",29,4.0
"New Hartford School District",".","Ann Antolini School","=""0920311""","*","*"
"New Hartford School District",".","Bakerville Consolidated School","=""0920111""","N/A","N/A"
"New Hartford School District",".","New Hartford Elementary School","=""0920211""","N/A","N/A"
"South Windsor School District",".","Eli Terry School","=""1320711""","*","*"
"South Windsor School District",".","Orchard Hill School","=""1320611""","*","*"
"South Windsor School District",".","Philip R. Smith School","=""1320111""","N/A","N/A"
"South Windsor School District",".","Pleasant Valley School","=""1320211""",14,3.2
"South Windsor School District",".","South Windsor High School","=""1326211""",160,10.5
"South Windsor School District",".","Timothy Edwards School","=""1325111""",69,6.3
"South Windsor School District",".","Wapping Elementary School","=""1320411""","*","*"
"Stafford School District",".","Stafford Elementary School","=""1340611""",9,1.8
"Stafford School District",".","Stafford High School","=""1346111""",147,27.1
"Stafford School District",".","Stafford Middle School","=""1345211""",41,10.0
"Stafford School District",".","Staffordville School","=""1340311""","*","*"
"Stafford School District",".","West Stafford School","=""1340411""","N/A","N/A"
"Sprague School District",".","Sayles School","=""1330111""",22,5.9
"Wallingford School District",".","A.R.T.S. Academy","=""1489011""",6,"*"
"Wallingford School District",".","Cook Hill School","=""1481011""","*","*"
"Wallingford School District",".","Dag  Hammarskjold Middle School","=""1485211""",74,10.4
"Wallingford School District",".","Evarts C. Stevens School","=""1480911""","*","*"
"Wallingford School District",".","Harvest Park","=""1489211""","*","*"
"Wallingford School District",".","Highland School","=""1480211""","*","*"
"Wallingford School District",".","James H. Moran Middle School","=""1485311""",33,4.0
"Wallingford School District",".","Lyman Hall High School","=""1486111""",165,14.4
"Wallingford School District",".","Mark T. Sheehan High School","=""1486211""",152,15.9
"Wallingford School District",".","Moses Y. Beach School","=""1480111""","N/A","N/A"
"Wallingford School District",".","Multi-Vocational Life Skills Program","=""1489111""","N/A","*"
"Wallingford School District",".","Parker Farms School","=""1480311""","N/A","N/A"
"Wallingford School District",".","Pond Hill School","=""1481211""",14,4.1
"Wallingford School District",".","Rock Hill School","=""1480411""","*","*"
"Wallingford School District",".","Yalesville School","=""1480811""","*","*"
"Windham School District",".","Early Headstart","=""1638011""","N/A","N/A"
"Windham School District",".","Natchaug School","=""1630111""",17,6.6
"Windham School District",".","North Windham School","=""1630311""",12,2.9
"Windham School District",".","Partial Day Program","=""1638411""","*","*"
"Windham School District",".","W. B. Sweeney School","=""1630611""",7,2.1
"Windham School District",".","Windham Center School","=""1630511""",6,2.0
"Windham School District",".","Windham Early Childhood Prospect Street","=""1638311""","N/A","N/A"
"Windham School District",".","Windham High School","=""1636111""",276,34.2
"Windham School District",".","Windham Middle School","=""1635111""",258,26.4
"Windsor School District",".","Clover Street School","=""1640111""",13,4.7
"Windsor School District",".","John F. Kennedy School","=""1640811""",24,7.1
"Windsor School District",".","Oliver Ellsworth School","=""1640911""",17,4.5
"Windsor School District",".","Poquonock Elementary School","=""1640511""",10,3.5
"Windsor School District",".","Roger Wolcott Early Child Center","=""1641011""","*","*"
"Windsor School District",".","Sage Park Middle School","=""1645311""",177,21.4
"Windsor School District",".","Windsor High School","=""1646111""",297,23.0
"Learn",".","Connecticut River Academy","=""2456014""",21,15.6
"Learn",".","Dual Language & Arts Magnet Middle School","=""2455014""",8,11.1
"Learn",".","Learn Special Education","=""2459014""","N/A","N/A"
"Learn",".","Regional Multicultural Magnet School","=""2450114""",7,1.3
"Learn",".","The Friendship School","=""2450214""","N/A","N/A"
"Eastern Connecticut Regional Educational Service Center (EASTCONN)",".","ACT Magnet School (Arts at the Capitol Theater) - Full Time","=""2536014""","N/A","N/A"
"Eastern Connecticut Regional Educational Service Center (EASTCONN)",".","EASTCONN Special Education","=""2539014""",22,27.5
"Eastern Connecticut Regional Educational Service Center (EASTCONN)",".","Quinebaug Middle College","=""2536114""",7,6.9
"Odyssey Community School District",".","Odyssey Community School","=""2635113""",14,7.8
"Integrated Day Charter School District",".","Integrated Day Charter School","=""2640113""",11,3.3
"Interdistrict School for Arts and Comm District",".","Interdistrict School For Arts And Communication","=""2655113""",24,13.4
"Common Ground High School District",".","Common Ground High School","=""2686113""",14,9.1
"The Bridge Academy District",".","The Bridge Academy","=""2696113""",66,25.0
"Side By Side Charter School District",".","Side By Side Charter School","=""2700113""",21,9.1
"Explorations District",".","Explorations","=""2726113""",33,41.3
"New Beginnings Inc., Family Academy District",".","New Beginnings Inc. Family Academy","=""2800113""",67,19.0
"Park City Prep Charter School District",".","Park City Prep Charter School","=""2835113""",58,23.5
"Trailblazers Academy District",".","Trailblazers Academy","=""2785113""",6,3.6
"Amistad Academy District",".","Amistad Academy","=""2795113""",167,21.0
"Stamford Academy District",".","Stamford Academy","=""2826013""",24,21.2
"Bridgeport Achievement First District",".","Achievement First Bridgeport Academy","=""2850113""",153,38.8
"Highville Charter School District",".","Highville Charter School","=""2860113""","N/A","N/A"
"Achievement First Hartford Academy Inc. District",".","Achievement First Hartford Academy Inc.","=""2880113""",192,31.8
"Charter School for Young Children on Asylum Hill District",".","Charter School for Young Children on Asylum Hill  Inc.","=""2870113""","N/A","N/A"
"Elm City College Preparatory School District",".","Elm City College Preparatory School","=""2890113""",138,24.0
"Kent School District",".","Kent Center School","=""0680111""","N/A","N/A"
"Killingly School District",".","Goodyear Early Childhood Center","=""0698011""","N/A","N/A"
"Killingly School District",".","Killingly Central School","=""0690111""",8,1.6
"Killingly School District",".","Killingly High School","=""0696111""",150,18.6
"Killingly School District",".","Killingly Intermediate School","=""0695211""",133,16.2
"Killingly School District",".","Killingly Memorial School","=""0690311""","*","*"
"Lebanon School District",".","Lebanon Elementary School","=""0710111""","*","*"
"Lebanon School District",".","Lebanon Middle School","=""0715111""",25,6.3
"Lebanon School District",".","Lyman Memorial High School","=""0716211""",57,11.1
"Ledyard School District",".","Gales Ferry School","=""0720211""","N/A","N/A"
"Ledyard School District",".","Gallup Hill School","=""0720411""","*","*"
"Ledyard School District",".","Juliet W. Long School","=""0720311""","*","*"
"Ledyard School District",".","Ledyard Center School","=""0720111""","N/A","N/A"
"Ledyard School District",".","Ledyard High School","=""0726111""",67,7.3
"Ledyard School District",".","Ledyard Middle School","=""0725111""",21,4.9
"New Britain School District",".","Academic Extension Center","=""0899211""","*","*"
"New Britain School District",".","Alternative Center School","=""0899111""",13,28.3
"New Britain School District",".","Chamberlain  Elementary School","=""0890311""",6,1.2
"New Britain School District",".","Frank J. DiLoreto School","=""0891111""",19,2.2
"New Britain School District",".","Gaffney School","=""0890511""",15,2.6
"New Britain School District",".","Holmes School","=""0890611""",47,11.0
"New Britain School District",".","House of Arts Letters and Science (HALS)  Academy","=""0895411""",8,5.0
"New Britain School District",".","Jefferson School","=""0890711""","N/A","N/A"
"New Britain School District",".","Lincoln School","=""0890811""",13,1.9
"New Britain School District",".","New Britain High School","=""0896111""",285,11.7
"New Britain School District",".","New Britain Transition Center","=""0899011""","N/A","N/A"
"New Britain School District",".","Northend School","=""0890911""",27,9.0
"New Britain School District",".","Pulaski Middle School","=""0895311""",149,24.5
"New Britain School District",".","Roosevelt Middle School","=""0895111""",142,32.0
"New Britain School District",".","Slade Middle School","=""0895211""",170,23.7
"New Britain School District",".","Smalley Academy","=""0891211""",122,18.2
"New Britain School District",".","Smith School","=""0891311""",57,8.7
"New Britain School District",".","Vance School","=""0891511""",45,8.1
"Norwalk School District",".","Brien McMahon High School","=""1036211""",290,17.1
"Norwalk School District",".","Brookside Elementary School","=""1030211""","N/A","N/A"
"Norwalk School District",".","Columbus Magnet School","=""1030311""","*","*"
"Norwalk School District",".","Cranbury Elementary School","=""1030411""",6,1.2
"Norwalk School District",".","Fox Run Elementary School","=""1032011""","*","*"
"Norwalk School District",".","Jefferson Magnet School","=""1030711""","*","*"
"Norwalk School District",".","Kendall Elementary School","=""1030811""","*","*"
"Norwalk School District",".","Marvin Elementary School","=""1032211""",20,4.1
"Norwalk School District",".","Naramake Elementary School","=""1032111""","*","*"
"Norwalk School District",".","Nathan Hale Middle School","=""1035211""",43,6.9
"Norwalk School District",".","Norwalk High School","=""1036111""",285,18.9
"Norwalk School District",".","Norwalk Pathways Academy at Briggs","=""1036311""",16,13.4
"Norwalk School District",".","Ponus Ridge Middle School","=""1035311""",129,19.4
"Norwalk School District",".","Roton Middle School","=""1035511""",54,13.1
"Norwalk School District",".","Rowayton School","=""1031311""","N/A","N/A"
"Norwalk School District",".","Silvermine Elementary School","=""1032311""",7,1.9
"Norwalk School District",".","Tracey School","=""1031411""",6,1.5
"Norwalk School District",".","West Rocks Middle School","=""1035411""",138,20.4
"Norwalk School District",".","Wolfpit School","=""1032411""","N/A","N/A"
"Southington School District",".","Derynoski Elementary School","=""1311511""","*","*"
"Southington School District",".","Flanders Elementary School","=""1311311""","*","*"
"Southington School District",".","Hatton Elementary School","=""1310211""","*","*"
"Southington School District",".","John F. Kennedy Middle School","=""1315311""",33,3.9
"Southington School District",".","Joseph A. Depaolo Middle School","=""1315111""",67,9.0
"Southington School District",".","Plantsville Elementary School","=""1310611""","*","*"
"Southington School District",".","South End Elementary School","=""1310711""",8,3.2
"Southington School District",".","Southington High School","=""1316211""",146,7.2
"Southington School District",".","Strong Elementary School","=""1310811""",8,2.1
"Southington School District",".","Thalberg Elementary School","=""1310911""","*","*"
"Southington School District",".","Urbin T. Kelley School","=""1311411""","*","*"
"Vernon School District",".","Center Road School","=""1461411""",8,1.5
"Vernon School District",".","Lake Street School","=""1460111""","N/A","N/A"
"Vernon School District",".","Maple Street School","=""1460211""","*","*"
"Vernon School District",".","Next Step Program (AACBP)","=""1469011""","N/A","*"
"Vernon School District",".","Northeast School","=""1460311""",8,2.7
"Vernon School District",".","Rockville High School","=""1466111""",194,18.2
"Vernon School District",".","Skinner Road School","=""1461011""",9,2.5
"Vernon School District",".","Vernon Center Middle School","=""1465111""",106,13.8
"Voluntown School District",".","Voluntown Elementary School","=""1470111""","*","*"
"Wilton School District",".","Cider Mill School","=""1610711""","*","*"
"Wilton School District",".","Middlebrook School","=""1615211""",44,4.3
"Wilton School District",".","Miller-Driscoll School","=""1610511""","*","*"
"Wilton School District",".","Wilton High School","=""1616111""",31,2.5
"Winchester School District",".","Batcheller - Bridges 1","=""1629211""","N/A","*"
"Winchester School District",".","Batcheller Early Education Center","=""1620411""","*","*"
"Winchester School District",".","Mary P. Hinsdale School","=""1620211""",8,2.0
"Winchester School District",".","Pearson Middle School","=""1625111""",30,7.1
"Capitol Region Education Council",".","Academy of Aerospace and Engineering","=""2415114""",10,5.0
"Capitol Region Education Council",".","CREC Early Learning Center at Asylum Hill","=""2418014""","N/A","*"
"Capitol Region Education Council",".","CREC Medical Professions and Teacher Preparation Academy","=""2416514""","N/A","N/A"
"Capitol Region Education Council",".","Farmington Valley Regional Diagnostic Center","=""2419214""","*","*"
"Capitol Region Education Council",".","Glastonbury/East Hartford Magnet School","=""2410114""","*","*"
"Capitol Region Education Council",".","Great Path Academy at MCC","=""2416314""",127,45.5
"Capitol Region Education Council",".","Greater Hartford Academy of  the Arts High School - Full Time","=""2416414""",8,2.3
"Capitol Region Education Council",".","Integrated Program Models","=""2419414""","N/A","*"
"Capitol Region Education Council",".","International Magnet School for Global Citizenship","=""2410414""","N/A","N/A"
"Capitol Region Education Council",".","John J. Allison Polaris Center","=""2419014""",26,44.8
"Capitol Region Education Council",".","Lincoln Academy Regional Interdistrict Collaborative","=""2419614""",9,40.9
"Capitol Region Education Council",".","Metropolitan Learning Center for Global and International Studies","=""2416114""",52,7.4
"Capitol Region Education Council",".","Montessori Magnet School","=""2413114""","N/A","N/A"
"Capitol Region Education Council",".","Public Safety Academy","=""2415214""",109,39.8
"Capitol Region Education Council",".","Reggio Magnet School of the Arts","=""2410314""","N/A","N/A"
"Capitol Region Education Council",".","River Street Early Learning Center (Site 2)","=""2419514""","N/A","N/A"
"Capitol Region Education Council",".","River Street School","=""2419314""","N/A","N/A"
"Capitol Region Education Council",".","Soundbridge","=""2419114""","N/A","N/A"
"Capitol Region Education Council",".","Two Rivers Magnet Middle School","=""2415014""",122,19.0
"Capitol Region Education Council",".","University of Hartford Magnet School","=""2410214""","N/A","N/A"
"EdAdvance",".","EdAdvance Headstart","=""2428014""","N/A","N/A"
"Cooperative Educational Services",".","Developmental Learning Center (DLC)","=""2439214""","N/A","N/A"
"Cooperative Educational Services",".","Preschool-Primary Learning Center (PLC)","=""2439114""","N/A","N/A"
"Cooperative Educational Services",".","RISE Transitional Program","=""2439314""","*","*"
"Cooperative Educational Services",".","School Readiness","=""2438014""","N/A","N/A"
"Cooperative Educational Services",".","Six-Six Magnet School","=""2430114""",25,5.6
"Cooperative Educational Services",".","Therapeutic Day Program","=""2439414""",46,28.9
"Area Cooperative Educational Services",".","Center for Autism Spectrum and Development Disorders","=""2449614""","N/A","N/A"
"Area Cooperative Educational Services",".","Mill Road School","=""2449414""",57,29.1
"Area Cooperative Educational Services",".","Thomas Edison Magnet Middle School","=""2445114""",164,22.7
"Area Cooperative Educational Services",".","Village School","=""2449514""","N/A","N/A"
"Area Cooperative Educational Services",".","Whitney High School East","=""2449214""",15,11.4
"Area Cooperative Educational Services",".","Whitney High School North","=""2449114""",52,48.6
"Area Cooperative Educational Services",".","Whitney High School West","=""2449314""","N/A","N/A"
"Area Cooperative Educational Services",".","Wintergreen Interdistrict  Magnet School","=""2440314""",47,7.4
"Education Connection",".","Education Connection Special Education","=""2429014""","*","*"
"Jumoke Academy District",".","Jumoke Academy","=""2610113""",29,6.8
"Franklin School District",".","Franklin Elementary School","=""0530111""","N/A","N/A"
"Hartland School District",".","Hartland School","=""0650111""","N/A","N/A"
"Hebron School District",".","Gilead Hill School","=""0670211""","N/A","N/A"
"Hebron School District",".","Hebron Elementary School","=""0670111""","*","*"
"Naugatuck School District",".","Andrew Avenue School","=""0880811""","*","*"
"Naugatuck School District",".","Central Avenue Preschool","=""0888211""","N/A","N/A"
"Naugatuck School District",".","Central Avenue School","=""0880111""","*","*"
"Naugatuck School District",".","City Hill Middle School","=""0885111""",211,27.5
"Naugatuck School District",".","Cross Street Intermediate School","=""0880211""",31,9.5
"Naugatuck School District",".","Head Start","=""0888111""","N/A","N/A"
"Naugatuck School District",".","Hillside Intermediate School","=""0880411""",55,14.7
"Naugatuck School District",".","Hop Brook Elementary School","=""0880511""","N/A","N/A"
"Naugatuck School District",".","Maple Hill School","=""0880311""",7,1.9
"Naugatuck School District",".","Naugatuck High School","=""0886111""",224,16.5
"Naugatuck School District",".","Salem School","=""0880611""","*","*"
"Naugatuck School District",".","Western School","=""0880711""","N/A","N/A"
"North Canaan School District",".","North Canaan Elementary School","=""1000111""",8,2.5
"North Haven School District",".","Clintonville Elementary School","=""1010811""","N/A","N/A"
"North Haven School District",".","Green Acres Elementary School","=""1010711""","N/A","N/A"
"North Haven School District",".","Montowese Elementary School","=""1010211""","*","*"
"North Haven School District",".","North Haven High School","=""1016111""",86,7.4
"North Haven School District",".","North Haven Middle School","=""1015211""",67,8.0
"North Haven School District",".","Ridge Road Elementary School","=""1010311""","N/A","N/A"
"North Stonington School District",".","North Stonington Elementary School","=""1020111""","*","*"
"North Stonington School District",".","Wheeler High School","=""1026111""",42,18.5
"North Stonington School District",".","Wheeler Middle School","=""1025111""",15,7.7
"Simsbury School District",".","Central School","=""1280111""","*","*"
"Simsbury School District",".","Henry James Memorial School","=""1285111""",34,4.2
"Simsbury School District",".","Latimer Lane School","=""1280611""","*","*"
"Simsbury School District",".","Simsbury High School","=""1286111""",108,6.9
"Simsbury School District",".","Squadron Line School","=""1280711""",12,1.6
"Simsbury School District",".","Tariffville School","=""1280311""","*","*"
"Simsbury School District",".","Tootin' Hills School","=""1280411""","N/A","N/A"
"Sherman School District",".","Sherman School","=""1270111""","*","*"
"Somers School District",".","Mabelle B. Avery Middle School","=""1295111""",19,4.9
"Somers School District",".","Somers Elementary School","=""1290411""","*","*"
"Somers School District",".","Somers High School","=""1296111""",46,8.2
"Trumbull School District",".","Booth Hill School","=""1440111""","*","*"
"Trumbull School District",".","Daniels Farm School","=""1440811""","N/A","N/A"
"Trumbull School District",".","Frenchtown Elementary School","=""1441011""","*","*"
"Trumbull School District",".","Hillcrest Middle School","=""1445211""",16,2.1
"Trumbull School District",".","Jane Ryan School","=""1440411""","N/A","N/A"
"Trumbull School District",".","Madison Middle School","=""1445111""",20,2.3
"Trumbull School District",".","Middlebrook School","=""1440311""","*","*"
"Trumbull School District",".","Tashua School","=""1440911""","*","*"
"Trumbull School District",".","Trumbull Early Childhood Education Center","=""1448011""","N/A","N/A"
"Trumbull School District",".","Trumbull High School","=""1446111""",77,3.6
"Union School District",".","Union Elementary School","=""1450111""","*","*"
"Wethersfield School District",".","Alfred W. Hanmer School","=""1590811""","N/A","N/A"
"Wethersfield School District",".","Charles Wright School","=""1591011""","N/A","N/A"
"Wethersfield School District",".","Emerson-Williams School","=""1590211""","*","*"
"Wethersfield School District",".","Highcrest School","=""1591111""","*","*"
"Wethersfield School District",".","Samuel B. Webb Elementary School","=""1591211""","*","*"
"Wethersfield School District",".","Silas Deane Middle School","=""1595211""",54,8.6
"Wethersfield School District",".","Wethersfield High School","=""1596111""",72,6.3
"Willington School District",".","Center School","=""1600111""","*","*"
"Willington School District",".","Hall Memorial School","=""1605111""",22,7.3
"Regional School District 18",".","Center School","=""2180312""","N/A","N/A"
"Regional School District 18",".","Lyme Consolidated School","=""2180112""","N/A","N/A"
"Regional School District 18",".","Lyme-Old Lyme High School","=""2186112""",35,7.8
"Regional School District 18",".","Lyme-Old Lyme Middle School","=""2185112""","*","*"
"Regional School District 18",".","Mile Creek School","=""2180212""","*","*"
"Regional School District 19",".","E. O. Smith High School","=""2196112""",94,8.0

