"College Entrance and Persistence, Trend"
"All Districts"

"Notes:"
"* In this report, year means graduating class of that school year."
"* College entrance refers to the percent of high school graduates from the year who enrolled in college any time during the first year after high school."
"* College persistence refers to the percent of students who enrolled in college the first year after high school and returned for a second year (Freshman to Sophomore persistence)."

"",,,,"2009-10",,"2010-11",,"2011-12",,"2012-13",,"2013-14",
"District","District Code","School","School Code","Entrance(%)","Persistence(%)","Entrance(%)","Persistence(%)","Entrance(%)","Persistence(%)","Entrance(%)","Persistence(%)","Entrance(%)","Persistence(%)"
"Ansonia School District","=""0020011""","Ansonia High School","=""0026111""",67.1,88.0,61.0,87.2,62.1,85.2,58.0,78.2,59.4,78.5
"Avon School District","=""0040011""","Avon High School","=""0046111""",81.8,96.9,84.3,95.2,86.4,95.0,86.8,94.2,88.2,95.0
"Berlin School District","=""0070011""","Berlin High School","=""0076111""",75.7,94.4,83.5,92.3,81.7,93.2,82.5,95.8,88.1,92.0
"Bethel School District","=""0090011""","Bethel High School","=""0096111""",78.3,89.4,81.1,90.7,77.9,92.8,70.6,91.3,77.7,85.6
"Bloomfield School District","=""0110011""","Bloomfield High School","=""0116111""",66.0,79.4,76.3,84.9,66.2,74.5,68.2,84.1,73.2,81.1
"Bloomfield School District","=""0110011""","Global Experience Magnet School","=""0116311""",N/A,N/A,N/A,N/A,N/A,N/A,56.3,*,73.1,*
"Bloomfield School District","=""0110011""","Learning Academy at Bloomfield","=""0116411""",N/A,N/A,N/A,N/A,N/A,N/A,*,*,*,*
"Bloomfield School District","=""0110011""","The Big Picture High School","=""0116211""",*,*,*,*,*,*,N/A,N/A,N/A,N/A
"Bolton School District","=""0120011""","Bolton High School","=""0126111""",86.4,93.0,88.2,93.3,87.9,93.1,88.8,94.4,84.4,92.6
"Branford School District","=""0140011""","Branford High School","=""0146111""",79.4,95.2,78.0,90.9,78.3,88.0,76.2,89.7,73.0,92.2
"Bridgeport School District","=""0150011""","Bassick High School","=""0156111""",52.8,68.9,45.1,71.3,44.9,77.5,50.9,67.6,41.7,71.0
"Bridgeport School District","=""0150011""","Central High School","=""0156211""",64.5,84.7,66.0,81.8,63.7,84.0,64.6,82.0,61.8,83.0
"Bridgeport School District","=""0150011""","Harding High School","=""0156311""",49.8,77.7,51.9,74.8,46.8,77.1,44.4,70.8,46.1,78.3
"Bridgeport School District","=""0150011""","Park City Academy","=""0159211""",*,*,N/A,N/A,N/A,N/A,*,*,N/A,N/A
"Bridgeport School District","=""0150011""","Pride Academy","=""0151811""",N/A,N/A,N/A,N/A,N/A,N/A,N/A,N/A,*,*
"Bridgeport School District","=""0150011""","The University School","=""0159111""",*,*,N/A,N/A,N/A,N/A,N/A,N/A,N/A,N/A
"Bristol School District","=""0170011""","Alternative Special Education Program (ASEP)","=""0179011""",N/A,N/A,N/A,N/A,N/A,N/A,N/A,N/A,*,*
"Bristol School District","=""0170011""","Bristol Central High School","=""0176111""",66.8,85.4,66.2,86.9,62.7,90.1,65.8,86.6,63.4,87.4
"Bristol School District","=""0170011""","Bristol Eastern High School","=""0176211""",72.3,88.0,71.7,83.2,66.2,92.4,65.9,85.6,67.0,90.3
"Bristol School District","=""0170011""","Community/Vocational Program","=""0179211""",*,*,*,*,*,*,*,*,*,*
"Brookfield School District","=""0180011""","Brookfield High School","=""0186111""",85.3,91.9,79.3,89.7,83.7,91.9,89.0,94.3,85.5,93.3
"Canton School District","=""0230011""","Canton High School","=""0236111""",82.0,89.9,73.0,91.7,82.8,94.8,78.8,92.5,77.6,89.4
"Cheshire School District","=""0250011""","Cheshire High School","=""0256111""",86.9,95.0,89.0,94.6,88.7,95.2,85.9,95.4,84.7,93.9
"Cheshire School District","=""0250011""","Humiston School","=""0259011""",*,*,*,*,*,*,*,*,*,*
"Clinton School District","=""0270011""","The Morgan School","=""0276111""",75.7,90.6,70.2,87.9,67.8,96.3,76.2,90.9,75.8,91.8
"Colchester School District","=""0280011""","Bacon Academy","=""0286111""",77.8,89.0,80.2,88.1,78.2,85.5,75.9,87.4,78.4,91.1
"Coventry School District","=""0320011""","Coventry High School","=""0326111""",73.0,88.9,65.8,89.6,67.4,82.8,71.5,89.2,71.1,91.2
"Cromwell School District","=""0330011""","Cromwell High School","=""0336111""",75.5,86.1,79.2,90.5,78.1,88.8,80.5,91.6,78.5,93.1
"Danbury School District","=""0340011""","Alternative Center For Excellence","=""0346211""",*,*,*,*,*,*,*,*,30.0,*
"Danbury School District","=""0340011""","Danbury High School","=""0346111""",68.5,90.7,69.5,89.0,70.4,87.1,71.3,89.0,68.0,87.4
"Darien School District","=""0350011""","Darien High School","=""0356111""",83.2,94.3,81.6,96.1,86.6,97.3,90.2,97.8,89.3,96.9
"Derby School District","=""0370011""","Derby High School","=""0376111""",53.5,80.4,60.0,92.6,62.2,87.5,68.8,84.1,54.5,72.2
"East Granby School District","=""0400011""","East Granby High School","=""0406111""",93.5,93.0,82.7,93.5,76.7,91.3,67.6,89.1,80.0,83.3
"East Haddam School District","=""0410011""","Nathan Hale-Ray High School","=""0416111""",80.2,84.7,66.7,94.8,77.2,91.5,81.1,88.3,62.9,88.5
"East Hampton School District","=""0420011""","East Hampton High School","=""0426111""",80.0,84.8,79.1,87.3,69.3,84.9,81.0,90.2,82.9,91.8
"East Hampton School District","=""0420011""","The Learning Center at East Hampton","=""0429011""",*,*,*,*,*,*,*,*,*,*
"East Hartford School District","=""0430011""","Connecticut IB Academy","=""0436311""",82.1,95.7,81.8,85.2,100.0,100.0,94.6,100.0,95.6,95.3
"East Hartford School District","=""0430011""","East Hartford High School","=""0436211""",63.7,85.9,63.8,78.4,68.8,81.3,64.0,77.9,63.8,72.3
"East Hartford School District","=""0430011""","Stevens Alternate High school","=""0436411""",24.6,*,23.9,*,19.4,*,27.2,28.0,20.8,*
"East Hartford School District","=""0430011""","Woodland School","=""0439011""",*,*,*,*,*,*,*,*,*,*
"East Haven School District","=""0440011""","East Haven High School","=""0446111""",62.8,90.3,70.0,87.2,72.2,88.5,69.3,85.0,65.6,86.0
"East Haven School District","=""0440011""","Pathways","=""0449011""",*,*,*,*,*,*,*,*,*,*
"East Lyme School District","=""0450011""","East Lyme High School","=""0456111""",85.4,91.4,82.1,90.5,81.8,88.0,84.8,94.4,85.3,93.2
"East Windsor School District","=""0470011""","East Windsor High School","=""0476111""",63.3,82.3,58.8,89.4,61.3,85.7,59.8,95.9,63.0,85.7
"Ellington School District","=""0480011""","Ellington High School","=""0486111""",84.7,89.0,83.6,92.3,79.0,93.2,83.6,92.8,71.9,87.0
"Enfield School District","=""0490011""","Enfield High School","=""0496111""",74.2,82.3,77.9,91.6,69.3,90.2,63.8,80.4,71.2,77.6
"Enfield School District","=""0490011""","Enfield Transitional Learning Academy","=""0499011""",N/A,N/A,*,*,*,*,*,*,*,*
"Enfield School District","=""0490011""","Enrico Fermi High School","=""0496211""",79.2,86.4,73.4,85.3,69.8,88.5,70.3,86.1,70.6,83.4
"Fairfield School District","=""0510011""","Fairfield Ludlowe High School","=""0516011""",85.1,95.0,81.6,96.0,85.2,91.3,84.3,94.9,83.3,93.2
"Fairfield School District","=""0510011""","Fairfield Warde High School","=""0516211""",82.0,91.4,81.3,93.2,83.2,94.8,86.2,94.7,81.6,96.8
"Farmington School District","=""0520011""","Farmington High School","=""0526111""",82.8,93.0,84.0,94.0,84.8,93.5,87.8,94.9,85.4,91.6
"Glastonbury School District","=""0540011""","Glastonbury High School","=""0546111""",84.6,94.9,83.9,96.2,88.1,95.2,88.0,96.2,85.6,95.0
"Glastonbury School District","=""0540011""","Links Academy","=""0540111""",N/A,N/A,N/A,N/A,N/A,N/A,N/A,N/A,*,*
"Granby School District","=""0560011""","Granby Memorial High School","=""0566111""",77.1,91.3,88.8,91.0,82.5,90.4,90.5,91.8,86.9,97.1
"Greenwich School District","=""0570011""","Greenwich High School","=""0576111""",76.5,92.8,78.9,93.1,76.8,95.0,83.2,94.6,81.5,90.1
"Griswold School District","=""0580011""","Griswold High School","=""0586211""",64.7,79.1,67.1,81.6,57.7,87.6,69.0,76.6,63.3,76.3
"Groton School District","=""0590011""","Robert E. Fitch High School","=""0596111""",74.3,86.5,77.6,85.6,73.3,86.6,69.6,81.9,62.7,77.5
"Guilford School District","=""0600011""","Guilford High School","=""0606111""",86.8,94.2,82.1,91.5,78.4,92.3,86.3,94.7,86.6,94.4
"Hamden School District","=""0620011""","Hamden High School","=""0626111""",71.7,86.0,73.4,90.4,70.0,87.4,70.2,86.7,73.0,86.8
"Hartford School District","=""0640011""","Bulkeley High School","=""0647111""",50.8,72.4,49.4,70.6,47.4,68.7,44.7,72.2,31.6,75.0
"Hartford School District","=""0640011""","Capital Preparatory Magnet School","=""0646911""",78.6,86.4,85.2,91.3,84.8,85.7,93.9,87.1,92.5,75.5
"Hartford School District","=""0640011""","Classical Magnet School","=""0646411""",84.6,92.7,81.9,91.2,86.6,85.9,90.5,94.7,90.1,90.4
"Hartford School District","=""0640011""","Culinary Arts Academy","=""0646011""",45.1,65.6,41.0,64.0,26.7,*,41.3,*,34.7,38.5
"Hartford School District","=""0640011""","Great Path Academy High School at MCC","=""0647911""",N/A,N/A,N/A,N/A,N/A,N/A,77.3,80.4,79.2,76.2
"Hartford School District","=""0640011""","HPHS Academy of Engineering and Green Technology","=""0647211""",45.1,48.8,44.3,79.1,34.4,75.8,34.4,74.2,47.6,60.0
"Hartford School District","=""0640011""","HPHS Academy of Nursing and Health Science","=""0647511""",52.0,64.2,50.9,67.3,49.5,71.7,53.8,77.2,56.3,59.3
"Hartford School District","=""0640011""","HPHS Law and Government Academy","=""0647411""",49.3,84.8,58.5,75.0,61.4,74.1,49.1,74.1,47.2,68.0
"Hartford School District","=""0640011""","Hartford Transitional Learning Academy (Secondary)","=""0649111""",*,*,N/A,N/A,N/A,N/A,N/A,N/A,N/A,N/A
"Hartford School District","=""0640011""","High School, Inc.","=""0647611""",N/A,N/A,N/A,N/A,64.0,*,72.5,67.2,50.0,81.5
"Hartford School District","=""0640011""","Journalism and Media Academy Magnet School","=""0647711""",N/A,N/A,N/A,N/A,45.9,70.6,53.8,78.6,50.0,57.1
"Hartford School District","=""0640011""","OPPortunity High School","=""0647811""",*,*,38.1,*,30.2,*,32.0,*,34.3,*
"Hartford School District","=""0640011""","Pathways Academy of Technology and Design","=""0646611""",69.6,74.5,77.9,83.6,61.3,87.8,71.2,85.1,62.1,75.6
"Hartford School District","=""0640011""","Sports and Medical Sciences Academy","=""0646511""",76.3,89.7,67.0,84.6,73.7,84.9,83.0,74.0,75.5,78.9
"Hartford School District","=""0640011""","University High School of Science and Engineering","=""0646711""",83.6,93.5,82.9,87.9,83.1,84.4,88.2,92.7,84.2,84.4
"Hartford School District","=""0640011""","Weaver High School","=""0646311""",48.2,79.1,39.7,67.3,N/A,N/A,N/A,N/A,N/A,N/A
"Killingly School District","=""0690011""","Killingly High School","=""0696111""",67.3,82.9,51.0,82.4,65.2,80.2,60.1,79.8,63.7,82.5
"Lebanon School District","=""0710011""","Lyman Memorial High School","=""0716211""",69.4,95.2,70.7,87.5,73.5,86.0,77.3,88.2,72.8,89.6
"Ledyard School District","=""0720011""","Ledyard High School","=""0726111""",75.8,86.6,67.5,83.9,73.1,83.0,77.4,90.2,75.6,88.8
"Lisbon School District","=""0730011""","Community Connection - The Big Picture High School","=""0736011""",*,*,*,*,*,*,*,*,N/A,N/A
"Litchfield School District","=""0740011""","Litchfield High School","=""0746111""",79.2,85.7,83.9,87.7,81.4,92.8,71.3,88.7,85.9,89.1
"Madison School District","=""0760011""","Daniel Hand High School","=""0766111""",83.9,93.7,85.7,96.2,88.7,96.5,86.8,96.8,88.2,96.4
"Manchester School District","=""0770011""","Manchester High School","=""0776111""",70.9,89.0,67.2,85.6,69.4,83.0,68.3,82.0,59.3,80.3
"Manchester School District","=""0770011""","Manchester Regional Academy","=""0779011""",*,*,*,*,*,*,*,*,*,*
"Manchester School District","=""0770011""","Manchester Transition Center","=""0779111""",N/A,N/A,*,*,*,*,*,*,*,*
"Meriden School District","=""0800011""","Francis T. Maloney High School","=""0806111""",64.1,80.4,65.2,79.8,56.1,83.1,62.5,82.7,58.7,87.8
"Meriden School District","=""0800011""","Orville H. Platt High School","=""0806211""",53.7,79.5,59.6,78.5,53.7,84.6,54.6,74.8,61.6,76.5
"Middletown School District","=""0830011""","Middletown High School","=""0836211""",67.9,85.4,72.7,86.5,69.0,87.2,65.3,87.9,71.2,88.6
"Middletown School District","=""0830011""","Transition to Life Center","=""0839111""",N/A,N/A,N/A,N/A,*,*,*,*,*,*
"Milford School District","=""0840011""","Jonathan Law High School","=""0846211""",70.4,88.4,73.4,94.5,71.1,90.7,67.5,88.3,68.6,92.6
"Milford School District","=""0840011""","Joseph A. Foran High School","=""0846311""",77.3,91.5,80.1,92.9,76.2,89.9,78.0,87.2,78.9,92.3
"Monroe School District","=""0850011""","Masuk High School","=""0856111""",85.2,92.1,84.2,96.1,85.2,96.2,83.3,91.3,82.7,92.6
"Montville School District","=""0860011""","Montville High School","=""0866111""",75.9,82.1,73.4,82.7,66.3,85.9,69.6,89.1,64.1,87.2
"Montville School District","=""0860011""","Palmer Academy","=""0869011""",*,*,*,*,*,*,*,*,*,*
"Naugatuck School District","=""0880011""","Naugatuck High School","=""0886111""",59.0,85.8,67.4,89.1,64.8,87.9,68.4,83.9,63.3,88.5
"New Britain School District","=""0890011""","Academic Extension Center","=""0899211""",*,*,*,*,N/A,N/A,N/A,N/A,N/A,N/A
"New Britain School District","=""0890011""","Alternative Center School","=""0899111""",N/A,N/A,N/A,N/A,N/A,N/A,*,*,*,*
"New Britain School District","=""0890011""","CLIMB","=""0899411""",N/A,N/A,N/A,N/A,*,*,*,*,*,*
"New Britain School District","=""0890011""","New Britain High School","=""0896111""",55.4,78.9,57.6,79.8,57.3,79.1,57.2,76.7,62.0,79.1
"New Britain School District","=""0890011""","New Britain Transition Center","=""0899011""",*,*,*,*,N/A,N/A,*,*,*,*
"New Canaan School District","=""0900011""","New Canaan High School","=""0906111""",81.0,94.0,78.8,95.9,86.7,95.7,87.0,96.9,87.8,94.9
"New Fairfield School District","=""0910011""","New Fairfield High School","=""0916111""",81.7,88.6,80.3,91.3,84.5,92.4,83.5,92.8,84.2,94.4
"New Haven School District","=""0930011""","Cooperative High School","=""0936411""",59.8,75.9,69.1,72.3,73.4,86.8,73.8,82.2,74.7,75.4
"New Haven School District","=""0930011""","High School In The Community","=""0936611""",57.6,63.2,65.5,80.6,57.8,80.8,47.7,85.7,69.4,84.0
"New Haven School District","=""0930011""","Hill Regional Career High School","=""0936311""",75.8,85.3,80.7,86.8,82.9,85.3,77.6,82.0,77.3,81.5
"New Haven School District","=""0930011""","Hyde School of Health, Science and Sports Medicine","=""0936811""",69.4,76.0,66.7,90.9,57.1,75.0,61.3,*,71.4,60.0
"New Haven School District","=""0930011""","James Hillhouse High School","=""0936211""",58.9,68.5,61.1,78.8,59.5,77.7,55.5,77.4,61.1,73.4
"New Haven School District","=""0930011""","Metropolitan Business Academy","=""0936011""",65.5,*,62.5,60.0,75.7,64.3,60.0,77.1,68.6,67.8
"New Haven School District","=""0930011""","New Haven Academy","=""0937011""",72.2,84.6,66.0,87.9,72.7,70.8,73.2,75.6,74.2,80.4
"New Haven School District","=""0930011""","Polly T. McCabe Center","=""0936511""",*,*,N/A,N/A,N/A,N/A,N/A,N/A,N/A,N/A
"New Haven School District","=""0930011""","Polly T. McCabe Center","=""0939211""",*,*,*,*,*,*,*,*,*,*
"New Haven School District","=""0930011""","Riverside Education Academy","=""0939111""",15.2,*,38.3,*,26.5,*,44.0,*,40.0,*
"New Haven School District","=""0930011""","Sound School","=""0936711""",62.2,78.6,72.7,77.5,76.3,73.8,70.3,75.0,75.0,90.0
"New Haven School District","=""0930011""","Wilbur Cross High School","=""0936111""",56.8,73.7,51.8,65.7,53.4,76.1,54.3,75.6,54.2,71.1
"Newington School District","=""0940011""","Newington High School","=""0946111""",78.6,90.2,82.5,89.4,78.9,93.3,77.5,92.2,80.7,91.8
"New London School District","=""0950011""","New London Clinical Day Program","=""0959111""",*,*,*,*,N/A,N/A,*,*,N/A,N/A
"New London School District","=""0950011""","New London High School","=""0956111""",52.6,67.5,56.5,79.0,63.9,68.9,56.4,75.2,57.8,73.1
"New Milford School District","=""0960011""","Litchfield Hills Transition Center","=""0969011""",*,*,*,*,*,*,*,*,*,*
"New Milford School District","=""0960011""","New Milford High School","=""0966111""",77.0,88.5,74.6,91.7,81.4,91.3,75.2,93.2,78.0,93.4
"Newtown School District","=""0970011""","Newtown High School","=""0976111""",83.0,93.4,85.4,90.9,83.3,93.6,85.1,91.9,85.5,95.2
"Newtown School District","=""0970011""","STARR","=""0979011""",N/A,N/A,N/A,N/A,N/A,N/A,N/A,N/A,*,*
"North Branford School District","=""0990011""","North Branford High School","=""0996111""",81.6,94.2,79.7,93.3,80.1,94.2,79.9,93.1,73.2,87.1
"North Branford School District","=""0990011""","School to Work Program","=""0999011""",N/A,N/A,N/A,N/A,N/A,N/A,N/A,N/A,*,*
"North Haven School District","=""1010011""","North Haven High School","=""1016111""",81.8,90.9,81.5,92.3,80.0,94.9,81.1,91.6,78.8,91.3
"North Stonington School District","=""1020011""","Wheeler High School","=""1026111""",78.8,90.2,72.1,81.8,52.1,80.0,74.5,80.0,66.1,75.7
"Norwalk School District","=""1030011""","Brien McMahon High School","=""1036211""",71.8,87.3,74.9,90.4,74.9,88.1,77.4,92.3,75.9,85.4
"Norwalk School District","=""1030011""","Norwalk High School","=""1036111""",75.8,89.9,73.9,86.7,76.0,87.9,78.5,91.8,77.5,86.5
"Norwalk School District","=""1030011""","Norwalk Pathways Academy at Briggs","=""1036311""",44.1,*,39.4,*,*,*,*,*,44.8,*
"Norwich School District","=""1040011""","Deborah-Tennant Zinewicz  School","=""1049111""",*,*,*,*,*,*,*,*,*,*
"Norwich School District","=""1040011""","Thames River Academy","=""1046111""",*,*,*,*,*,*,N/A,N/A,N/A,N/A
"Norwich School District","=""1040011""","Virtual Learning Academy","=""1049211""",N/A,N/A,N/A,N/A,N/A,N/A,*,*,*,*
"Old Saybrook School District","=""1060011""","Old Saybrook Senior High School","=""1066111""",84.0,94.0,88.5,96.0,82.6,95.6,84.2,90.2,81.3,92.3
"Oxford School District","=""1080011""","Oxford High School","=""1086011""",73.2,92.7,79.2,90.7,80.4,95.5,83.3,91.2,83.3,91.4
"Plainfield School District","=""1090011""","Plainfield High School","=""1096111""",61.6,80.3,57.4,84.2,51.9,75.0,48.0,75.6,67.1,75.5
"Plainville School District","=""1100011""","Plainville High School","=""1106111""",70.4,87.4,71.3,85.9,71.8,84.3,78.6,89.8,76.3,85.2
"Plymouth School District","=""1110011""","Plymouth Alternative High School","=""1117111""",N/A,N/A,N/A,N/A,N/A,N/A,N/A,N/A,*,*
"Plymouth School District","=""1110011""","Terryville High School","=""1116111""",65.3,88.9,61.5,81.3,59.8,86.8,60.9,85.7,75.4,88.0
"Portland School District","=""1130011""","Portland High School","=""1136111""",78.4,88.4,74.1,88.3,77.6,92.4,84.1,98.6,82.5,87.1
"Putnam School District","=""1160011""","Helping Hands","=""1169011""",*,*,*,*,*,*,*,*,*,*
"Putnam School District","=""1160011""","Putnam High School","=""1166111""",66.7,65.4,54.8,79.4,55.0,78.8,60.8,72.9,40.0,76.9
"Ridgefield School District","=""1180011""","Ridgefield High School","=""1186111""",87.2,96.3,86.0,95.0,88.9,94.6,87.9,96.3,88.5,97.0
"Ridgefield School District","=""1180011""","Ridgefield Transition Program","=""1189011""",N/A,N/A,*,*,N/A,N/A,*,*,N/A,N/A
"Rocky Hill School District","=""1190011""","Rocky Hill High School","=""1196111""",82.2,89.1,81.3,90.4,80.0,92.9,83.6,91.3,78.0,91.3
"Seymour School District","=""1240011""","Seymour High School","=""1246111""",76.6,89.4,80.0,88.3,80.0,92.9,75.8,89.9,76.0,90.5
"Shelton School District","=""1260011""","Shelton High School","=""1266111""",76.3,89.7,75.4,91.2,75.6,91.9,80.5,88.9,76.4,91.7
"Simsbury School District","=""1280011""","Simsbury High School","=""1286111""",85.0,93.5,80.6,95.7,82.3,94.5,86.3,95.0,86.8,96.1
"Somers School District","=""1290011""","Somers High School","=""1296111""",81.7,94.4,78.3,92.6,78.8,95.4,81.9,94.1,81.4,98.1
"Southington School District","=""1310011""","Southington High School","=""1316211""",79.6,89.3,80.7,89.5,77.7,90.4,78.8,89.0,78.4,89.6
"South Windsor School District","=""1320011""","Project Worth Young Adult Academy","=""1329011""",N/A,N/A,N/A,N/A,*,*,*,*,*,*
"South Windsor School District","=""1320011""","South Windsor High School","=""1326211""",84.6,93.3,83.1,91.8,85.5,92.3,82.3,93.0,86.4,92.7
"Stafford School District","=""1340011""","Stafford High School","=""1346111""",71.1,89.9,66.4,90.7,54.9,82.1,67.8,87.2,60.6,81.9
"Stamford School District","=""1350011""","Stamford High School","=""1356111""",71.6,88.4,73.5,86.6,74.9,89.6,73.9,88.0,76.8,88.5
"Stamford School District","=""1350011""","The Academy of Information Technology","=""1356411""",75.4,86.7,84.3,92.9,82.8,89.6,85.3,96.4,85.4,92.9
"Stamford School District","=""1350011""","Westhill High School","=""1356311""",67.1,89.1,70.2,88.7,72.7,91.6,71.7,89.7,71.0,85.2
"Stonington School District","=""1370011""","Stonington High School","=""1376111""",72.4,89.6,82.1,91.3,70.9,88.5,76.8,89.7,73.4,95.2
"Stratford School District","=""1380011""","Bunnell High School","=""1386211""",74.2,89.0,75.9,88.4,76.4,88.4,78.2,90.4,77.2,89.0
"Stratford School District","=""1380011""","Secondary STEPS Program","=""1389111""",N/A,N/A,*,*,N/A,N/A,*,*,N/A,N/A
"Stratford School District","=""1380011""","Stratford High School","=""1386111""",65.1,83.9,71.5,82.4,68.7,86.1,68.5,89.1,71.7,87.7
"Stratford School District","=""1380011""","Strive-Stratford","=""1389011""",*,*,*,*,*,*,*,*,*,*
"Suffield School District","=""1390011""","Suffield High School","=""1396111""",82.3,92.8,82.4,89.9,78.5,88.7,82.1,94.7,82.6,96.5
"Thomaston School District","=""1400011""","Thomaston High School","=""1406211""",68.4,90.8,70.4,88.4,66.3,80.0,64.9,89.6,80.0,85.7
"Thompson School District","=""1410011""","Tourtellotte Memorial High School","=""1416111""",64.8,78.0,64.7,87.3,65.9,84.5,61.0,90.0,60.0,81.3
"Tolland School District","=""1420011""","Tolland High School","=""1426111""",79.8,91.8,84.1,88.6,82.7,92.5,77.2,94.2,88.4,90.6
"Torrington School District","=""1430011""","Torrington High School","=""1436111""",63.2,88.4,68.2,87.0,62.1,83.1,60.2,89.4,62.7,82.2
"Trumbull School District","=""1440011""","Trumbull High School","=""1446111""",85.1,93.2,82.9,93.2,86.8,94.8,84.8,92.9,87.0,93.4
"Vernon School District","=""1460011""","Next Step Program (AACBP)","=""1469011""",*,*,*,*,*,*,*,*,*,*
"Vernon School District","=""1460011""","Rockville High School","=""1466111""",72.1,85.1,68.7,85.6,72.1,83.4,67.5,86.3,67.7,88.2
"Wallingford School District","=""1480011""","A.R.T.S. Academy","=""1489011""",N/A,N/A,*,*,*,*,*,*,*,*
"Wallingford School District","=""1480011""","Lyman Hall High School","=""1486111""",72.0,89.6,70.0,91.5,75.1,89.1,72.1,88.0,70.5,90.0
"Wallingford School District","=""1480011""","Mark T. Sheehan High School","=""1486211""",76.7,88.3,77.0,93.7,80.0,89.4,80.5,95.5,69.9,90.8
"Wallingford School District","=""1480011""","Multi-Vocational Life Skills Program","=""1489111""",N/A,N/A,*,*,*,*,*,*,*,*
"Waterbury School District","=""1510011""","Crosby High School","=""1516211""",51.5,80.5,53.5,77.4,52.7,81.5,53.1,76.0,58.7,73.7
"Waterbury School District","=""1510011""","Enlightenment School","=""1519111""",*,*,*,*,*,*,*,*,*,*
"Waterbury School District","=""1510011""","John F. Kennedy High School","=""1516411""",57.4,79.7,63.5,84.2,58.7,79.1,61.5,78.0,56.1,81.6
"Waterbury School District","=""1510011""","State Street School","=""1519011""",*,*,*,*,*,*,*,*,*,*
"Waterbury School District","=""1510011""","Waterbury Arts Magnet School (High)","=""1516011""",69.4,82.7,72.8,89.2,87.4,85.6,70.7,87.7,76.7,83.7
"Waterbury School District","=""1510011""","Wilby High School","=""1516311""",48.8,75.4,46.6,71.6,43.9,68.5,46.7,73.9,52.7,63.0
"Waterford School District","=""1520011""","Waterford High School","=""1526111""",78.5,85.1,79.7,83.0,74.3,86.7,71.2,83.2,82.6,93.6
"Watertown School District","=""1530011""","Watertown High School","=""1536111""",70.8,88.9,74.5,86.6,74.0,89.5,80.7,90.5,76.7,92.9
"Westbrook School District","=""1540011""","Westbrook High School","=""1546111""",72.0,94.4,80.6,91.4,78.7,91.5,70.5,85.5,80.3,84.2
"West Hartford School District","=""1550011""","Achieve","=""1559111""",N/A,N/A,*,*,*,*,*,*,*,*
"West Hartford School District","=""1550011""","Conard High School","=""1556111""",85.6,92.4,83.7,92.7,81.3,90.7,85.7,93.7,83.2,90.1
"West Hartford School District","=""1550011""","Hall High School","=""1556211""",85.2,94.0,82.4,92.2,80.2,92.5,86.2,92.8,84.9,92.7
"West Hartford School District","=""1550011""","Strive-West Hartford","=""1559211""",N/A,N/A,N/A,N/A,*,*,*,*,*,*
"West Hartford School District","=""1550011""","WAAVE (W Hartford Applied Academic/Voc'l Experience)","=""1559011""",N/A,N/A,*,*,*,*,*,*,*,*
"West Haven School District","=""1560011""","West Haven High School","=""1566111""",70.4,83.0,66.6,84.2,65.0,82.4,62.8,80.9,63.9,87.9
"Weston School District","=""1570011""","Weston High School","=""1576111""",88.8,97.8,87.5,97.0,86.2,93.2,90.1,97.3,90.9,96.9
"Westport School District","=""1580011""","Staples High School","=""1586111""",84.4,96.7,79.0,96.2,85.5,96.4,88.5,97.3,90.8,96.5
"Wethersfield School District","=""1590011""","Wethersfield High School","=""1596111""",83.3,91.9,79.2,89.5,85.9,93.1,86.6,90.6,81.4,93.6
"Wilton School District","=""1610011""","Wilton High School","=""1616111""",85.8,96.6,87.5,96.6,89.4,97.1,85.8,96.7,87.7,96.9
"Windham School District","=""1630011""","Eastern Regional Academy/Windham","=""1639011""",*,*,N/A,N/A,N/A,N/A,N/A,N/A,N/A,N/A
"Windham School District","=""1630011""","Partial Day Program","=""1638411""",N/A,N/A,*,*,N/A,N/A,N/A,N/A,N/A,N/A
"Windham School District","=""1630011""","Windham High School","=""1636111""",61.5,77.5,61.2,81.7,55.0,75.9,59.6,74.5,53.6,75.7
"Windsor School District","=""1640011""","Windsor High School","=""1646111""",71.1,87.6,72.7,85.0,69.8,83.7,75.7,90.0,76.9,83.7
"Windsor Locks School District","=""1650011""","Windsor Locks High School","=""1656111""",67.9,87.9,61.0,91.7,65.9,85.4,64.4,92.9,69.3,83.0
"Wolcott School District","=""1660011""","Wolcott High School","=""1666111""",75.4,93.5,74.1,89.4,81.0,87.7,78.2,90.9,76.9,89.1
"Regional School District 01","=""2010012""","Housatonic Valley Regional High School","=""2016112""",63.0,88.9,59.8,91.8,62.4,88.0,54.5,94.5,66.7,87.5
"Regional School District 04","=""2040012""","Valley Regional High School","=""2046112""",72.7,86.1,69.3,92.3,74.0,91.0,75.6,89.8,77.3,93.1
"Regional School District 05","=""2050012""","Amity Regional High School","=""2056112""",87.1,96.2,83.1,94.7,83.2,93.4,88.0,94.3,86.5,95.5
"Regional School District 06","=""2060012""","Wamogo Regional High School","=""2066112""",66.7,94.2,72.5,89.4,76.2,89.1,71.7,89.4,79.1,88.2
"Regional School District 07","=""2070012""","AIM","=""2079112""",*,*,N/A,N/A,*,*,*,*,*,*
"Regional School District 07","=""2070012""","Intensive Learning Program","=""2079412""",N/A,N/A,N/A,N/A,*,*,N/A,N/A,*,*
"Regional School District 07","=""2070012""","Links","=""2079212""",*,*,N/A,N/A,N/A,N/A,N/A,N/A,N/A,N/A
"Regional School District 07","=""2070012""","Northwestern Regional High School","=""2076112""",81.8,88.2,73.8,91.9,73.3,86.8,72.4,88.6,77.4,87.5
"Regional School District 07","=""2070012""","STEP","=""2079312""",*,*,*,*,*,*,*,*,*,*
"Regional School District 08","=""2080012""","RHAM High School","=""2086112""",83.6,96.1,84.7,93.3,86.4,93.8,79.3,95.3,83.2,95.2
"Regional School District 08","=""2080012""","Region Alternative High School","=""2086212""",N/A,N/A,N/A,N/A,N/A,N/A,*,*,*,*
"Regional School District 09","=""2090012""","Joel Barlow High School","=""2096112""",85.7,92.4,81.1,93.0,82.9,94.8,87.1,95.4,86.1,95.7
"Regional School District 10","=""2100012""","Lewis S. Mills High School","=""2106112""",83.1,88.9,82.7,93.0,80.7,86.7,81.4,92.8,81.1,93.0
"Regional School District 11","=""2110012""","Parish Hill High School","=""2116112""",80.0,85.7,71.4,100.0,57.1,83.3,69.4,80.0,73.5,84.0
"Regional School District 12","=""2120012""","Shepaug Valley High School","=""2126112""",76.0,87.7,67.9,85.5,71.9,89.1,81.0,92.2,N/A,N/A
"Regional School District 12","=""2120012""","Shepaug Valley School","=""2120312""",N/A,N/A,N/A,N/A,N/A,N/A,N/A,N/A,67.1,92.5
"Regional School District 13","=""2130012""","Coginchaug Regional High School","=""2136112""",89.0,94.6,88.5,94.8,77.7,89.8,86.0,87.8,83.7,95.4
"Regional School District 14","=""2140012""","Nonnewaug High School","=""2146112""",78.0,92.9,80.0,89.3,71.2,93.4,85.8,88.5,81.3,91.7
"Regional School District 15","=""2150012""","Pomperaug Regional High School","=""2156212""",86.3,93.6,82.8,94.4,83.1,94.7,81.8,93.7,82.6,91.1
"Regional School District 16","=""2160012""","Woodland Regional High School","=""2166012""",78.2,89.0,75.8,88.9,71.9,90.2,79.1,94.3,75.9,89.4
"Regional School District 17","=""2170012""","Haddam-Killingworth High School","=""2176112""",87.0,89.6,74.6,90.5,80.0,92.4,83.5,92.4,84.7,90.6
"Regional School District 18","=""2180012""","Lyme-Old Lyme High School","=""2186112""",75.5,94.6,75.6,85.9,78.2,92.4,80.6,95.4,91.5,92.8
"Regional School District 19","=""2190012""","E. O. Smith High School","=""2196112""",69.3,92.0,73.5,94.0,73.7,90.1,75.2,93.0,69.7,88.8
"Capitol Region Education Council","=""2410014""","Academy of Aerospace and Engineering","=""2415114""",N/A,N/A,N/A,N/A,85.0,*,82.4,89.3,83.3,88.0
"Capitol Region Education Council","=""2410014""","Farmington Valley Regional Diagnostic Center","=""2419214""",*,*,*,*,*,*,*,*,*,*
"Capitol Region Education Council","=""2410014""","Great Path Academy at MCC","=""2416314""",77.3,72.4,68.2,74.7,73.8,79.2,N/A,N/A,N/A,N/A
"Capitol Region Education Council","=""2410014""","Greater Hartford Academy of  the Arts High School - Full Time","=""2416414""",N/A,N/A,77.6,84.2,73.0,73.8,75.3,83.6,84.0,76.5
"Capitol Region Education Council","=""2410014""","Integrated Program Models","=""2419414""",N/A,N/A,N/A,N/A,*,*,N/A,N/A,*,*
"Capitol Region Education Council","=""2410014""","John J. Allison Polaris Center","=""2419014""",*,*,*,*,*,*,*,*,*,*
"Capitol Region Education Council","=""2410014""","Lincoln Academy Regional Interdistrict Collaborative","=""2419614""",N/A,N/A,N/A,N/A,*,*,*,*,*,*
"Capitol Region Education Council","=""2410014""","Medical Professions and Teacher Preparation Academy","=""2416514""",N/A,N/A,N/A,N/A,N/A,N/A,N/A,N/A,81.4,85.7
"Capitol Region Education Council","=""2410014""","Metropolitan Learning Center for Global and International Studies","=""2416114""",78.8,86.6,81.1,87.0,86.1,82.3,82.8,86.1,84.8,87.2
"Capitol Region Education Council","=""2410014""","Public Safety Academy","=""2415214""",N/A,N/A,N/A,N/A,*,*,*,*,73.7,64.3
"Capitol Region Education Council","=""2410014""","River Street School","=""2419314""",*,*,*,*,*,*,*,*,*,*
"Capitol Region Education Council","=""2410014""","Soundbridge","=""2419114""",*,*,*,*,*,*,*,*,*,*
"Capitol Region Education Council","=""2410014""","Strive (Southern Transition Real-World and Independent Vocational Education Program","=""2419714""",N/A,N/A,N/A,N/A,N/A,N/A,N/A,N/A,*,*
"Education Connection","=""2420014""","GFLC/ACCESS School","=""2429014""",*,*,*,*,*,*,*,*,*,*
"Cooperative Educational Services","=""2430014""","Developmental Learning Center (DLC)","=""2439214""",*,*,*,*,*,*,*,*,*,*
"Cooperative Educational Services","=""2430014""","RISE Transitional Program","=""2439314""",*,*,*,*,*,*,*,*,*,*
"Cooperative Educational Services","=""2430014""","Therapeutic Day Program","=""2439414""",*,*,*,*,*,*,*,*,*,*
"Area Cooperative Educational Services","=""2440014""","Collaborative Alternative Magnet School","=""2446114""",*,*,N/A,N/A,N/A,N/A,N/A,N/A,N/A,N/A
"Area Cooperative Educational Services","=""2440014""","Village School","=""2449514""",*,*,N/A,N/A,N/A,N/A,N/A,N/A,N/A,N/A
"Area Cooperative Educational Services","=""2440014""","Whitney High School East","=""2449214""",*,*,*,*,*,*,*,*,*,*
"Area Cooperative Educational Services","=""2440014""","Whitney High School North","=""2449114""",*,*,*,*,*,*,*,*,*,*
"Area Cooperative Educational Services","=""2440014""","Whitney High School West","=""2449314""",*,*,*,*,*,*,*,*,*,*
"Eastern Connecticut Regional Educational Service Center (EASTCONN)","=""2530014""","Arts at the Capitol Theater Magnet School (ACT)","=""2536014""",N/A,N/A,*,*,78.1,76.0,79.2,*,66.7,77.3
"Eastern Connecticut Regional Educational Service Center (EASTCONN)","=""2530014""","EastConn Special Education","=""2539014""",N/A,N/A,*,*,*,*,*,*,*,*
"Eastern Connecticut Regional Educational Service Center (EASTCONN)","=""2530014""","Quinebaug Middle College","=""2536114""",*,*,51.5,*,35.1,*,42.9,*,34.8,*
"Common Ground High School District","=""2680013""","Common Ground High School","=""2686113""",65.5,*,51.4,*,66.7,60.0,62.9,81.8,65.5,*
"The Bridge Academy District","=""2690013""","The Bridge Academy","=""2696113""",48.4,*,79.3,78.3,69.4,80.0,75.8,60.0,87.5,82.1
"Explorations District","=""2720013""","Explorations","=""2726113""",44.8,*,32.0,*,*,*,34.8,*,*,*
"Amistad Academy District","=""2790013""","Amistad Academy","=""2795113""",90.9,85.0,90.5,*,*,*,85.7,*,69.6,*
"Stamford Academy District","=""2820013""","Stamford Academy","=""2826013""",37.5,*,45.5,*,33.3,*,*,*,24.0,*
"Unified School District #1","=""3360015""","Bridgeport Correctional Center","=""3360115""",N/A,N/A,N/A,N/A,N/A,N/A,N/A,N/A,*,*
"Unified School District #1","=""3360015""","Corrigan/Radgowski Correctional Institution","=""3362415""",N/A,N/A,*,*,*,*,*,*,*,*
"Unified School District #1","=""3360015""","Garner Correctional Institution","=""3361915""",N/A,N/A,N/A,N/A,N/A,N/A,N/A,N/A,*,*
"Unified School District #1","=""3360015""","MacDougall/Walker Correctional Institution","=""3362215""",*,*,N/A,N/A,N/A,N/A,N/A,N/A,*,*
"Unified School District #1","=""3360015""","Manson Youth Institution","=""3361115""",*,*,*,*,*,*,*,*,*,*
"Unified School District #1","=""3360015""","New Haven Correctional Center","=""3360915""",*,*,N/A,N/A,N/A,N/A,N/A,N/A,N/A,N/A
"Unified School District #1","=""3360015""","Robinson Correctional Institution","=""3361315""",N/A,N/A,N/A,N/A,N/A,N/A,*,*,N/A,N/A
"Unified School District #1","=""3360015""","York Correctional Institution","=""3362515""",*,*,*,*,N/A,N/A,N/A,N/A,N/A,N/A
"Department of Mental Health and Addiction Services","=""3370015""","Connecticut Valley Hospital","=""3370215""",N/A,N/A,*,*,N/A,N/A,N/A,N/A,*,*
"Department of Mental Health and Addiction Services","=""3370015""","Greater Bridgeport Community Mental Health Center","=""3370515""",*,*,N/A,N/A,N/A,N/A,N/A,N/A,N/A,N/A
"Unified School District #2","=""3470015""","Children's Place School","=""3470115""",*,*,N/A,N/A,*,*,N/A,N/A,N/A,N/A
"Unified School District #2","=""3470015""","Riverview School","=""3470315""",N/A,N/A,N/A,N/A,N/A,N/A,*,*,N/A,N/A
"Unified School District #2","=""3470015""","Walter G. Cady School","=""3476715""",*,*,*,*,*,*,*,*,*,*
"Connecticut Technical High School System","=""9000016""","A. I. Prince Technical High School","=""9001516""",55.2,71.6,54.3,69.7,55.1,74.4,52.6,76.3,60.1,62.6
"Connecticut Technical High School System","=""9000016""","Bullard-Havens Technical High School","=""9001116""",49.3,76.9,60.1,81.8,61.5,81.7,62.4,73.7,54.7,86.0
"Connecticut Technical High School System","=""9000016""","E. C. Goodwin Technical High School","=""9001916""",41.0,55.9,36.0,75.0,41.3,54.0,45.2,66.1,46.4,57.8
"Connecticut Technical High School System","=""9000016""","Eli Whitney Technical High School","=""9001416""",36.9,80.6,46.0,71.7,56.5,64.6,33.0,48.5,32.4,67.6
"Connecticut Technical High School System","=""9000016""","Ella T. Grasso Southeastern Technical High School","=""9002716""",47.7,66.7,37.5,66.7,36.3,71.7,43.1,77.4,40.2,65.3
"Connecticut Technical High School System","=""9000016""","Emmett O'Brien Technical High School","=""9002516""",35.2,71.1,45.1,74.5,43.1,67.9,41.7,87.5,46.3,70.2
"Connecticut Technical High School System","=""9000016""","H. C. Wilcox Technical High School","=""9001716""",46.8,80.8,40.7,76.4,48.5,77.3,50.8,82.2,44.2,71.1
"Connecticut Technical High School System","=""9000016""","H. H. Ellis Technical High School","=""9001316""",29.4,75.7,33.9,69.2,28.6,69.4,34.5,59.0,27.1,72.4
"Connecticut Technical High School System","=""9000016""","Henry Abbott Technical High School","=""9001216""",41.7,81.0,42.4,78.1,40.8,75.0,42.7,72.1,50.4,85.7
"Connecticut Technical High School System","=""9000016""","Howell Cheney Technical High School","=""9001616""",41.7,67.9,42.9,86.0,40.7,71.9,49.7,79.3,50.3,75.6
"Connecticut Technical High School System","=""9000016""","Norwich Technical High School","=""9002016""",40.4,71.1,39.1,72.1,33.8,68.0,42.1,62.5,43.0,70.8
"Connecticut Technical High School System","=""9000016""","Oliver Wolcott Technical High School","=""9002216""",47.8,79.3,42.7,71.1,40.6,72.3,43.0,71.8,47.1,81.8
"Connecticut Technical High School System","=""9000016""","Platt Technical High School","=""9002616""",47.1,78.6,42.9,82.9,53.8,85.1,45.4,84.9,51.7,87.7
"Connecticut Technical High School System","=""9000016""","Vinal Technical High School","=""9001816""",34.7,74.4,33.6,71.4,35.2,77.3,43.6,72.4,40.7,76.4
"Connecticut Technical High School System","=""9000016""","W. F. Kaynor Technical High School","=""9002316""",43.0,71.8,47.3,82.6,56.4,81.4,52.1,89.8,56.7,82.4
"Connecticut Technical High School System","=""9000016""","Windham Technical High School","=""9002416""",53.2,76.3,44.2,71.7,48.5,80.0,44.6,75.9,41.4,77.4
"Norwich Free Academy District","=""9010022""","Norwich Free Academy","=""9016122""",73.2,86.9,73.0,87.7,71.5,85.9,73.1,86.2,70.2,88.1
"The Gilbert School District","=""9020022""","The Gilbert School","=""9026122""",79.4,72.9,83.1,91.8,69.0,79.3,74.3,78.8,66.2,76.5
"Woodstock Academy District","=""9030022""","Woodstock Academy","=""9036122""",81.8,89.5,80.1,89.4,77.1,90.1,79.0,90.7,77.4,90.7
"Elm City College Preparatory School District","=""2890013""","Elm City College Preparatory School","=""2890113""",N/A,N/A,N/A,N/A,*,*,*,*,*,*
"Winchester School District","=""1620011""","WISE Academy","=""1620111""",N/A,N/A,N/A,N/A,N/A,N/A,*,*,N/A,N/A
"Learn","=""2450014""","Connecticut River Academy","=""2456014""",N/A,N/A,N/A,N/A,N/A,N/A,*,*,70.8,84.1
"Learn","=""2450014""","Learn Special Education","=""2459014""",N/A,N/A,N/A,N/A,N/A,N/A,N/A,N/A,*,*
"Learn","=""2450014""","Marine Science Magnet High School of Southeastern Connecticut","=""2456114""",N/A,N/A,N/A,N/A,N/A,N/A,N/A,N/A,78.3,*
"Learn","=""2450014""","Three Rivers Middle College Magnet School","=""2456214""",N/A,N/A,N/A,N/A,N/A,N/A,*,*,67.7,61.9

